dataset name,original size,type width,Dimension,decomposition,chunk no,decomposed zstd compressed size (B),decomposed row-ordered zstd compressed size (B),reordered zstd compressed size (B),reordered row-based zstd compressed size (B),standard zstd compressed size (B),WE,entropy word,entropy list,max rep,unique ratio
num_control_f64,159504736,8,19938092,"( (3,), (7,1,5,2,4,), (6,0,), )",-1,149214280,139225310,149161872,139161243,150746904,7.718280619731715,24.13166514517753,"(7.9983463414183005,7.554998763262708,7.9864524000609425,)","(1024,1905,762,)","(1.283974414402341e-05,2.567948828804682e-06,6.419872072011705e-06,)"
num_control_f64,159504736,8,19938092,"( (6,2,1,5,0,3,), (4,7,), )",-1,145414444,139199072,145413471,139208500,150746904,7.561592555891497,24.13166514517753,"(7.996792137336922,6.25599381155522,)","(2286,762,)","(2.139957357337235e-06,6.419872072011705e-06,)"
num_control_f64,159504736,8,19938092,"( (1,), (7,), (2,5,6,4,0,), (3,), )",-1,140859341,139113635,140850573,139139580,150746904,7.33691935549491,24.13166514517753,"(7.998376723736168,2.717886877813584,7.996148980198245,7.9983463414183005,)","(1024,27136,1905,1024,)","(1.283974414402341e-05,6.520182573136888e-07,2.567948828804682e-06,1.283974414402341e-05,)"
num_control_f64,159504736,8,19938092,"( (0,), (7,6,1,3,4,2,5,), )",-1,150331496,139138941,150326734,139097470,150746904,7.7688557276066845,24.13166514517753,"(7.9983965882242565,7.736064176089888,)","(1024,2667,)","(1.283974414402341e-05,1.8342491634319157e-06,)"
num_control_f64,159504736,8,19938092,"( (2,7,6,), (4,0,3,5,1,), )",-1,146646552,139154752,146628144,139096559,150746904,7.642181055559641,24.13166514517753,"(7.048543395809578,7.998363651409679,)","(1143,1905,)","(4.27991471467447e-06,2.567948828804682e-06,)"
num_control_f64,159504736,8,19938092,"( (4,6,1,3,0,), (2,7,5,), )",-1,147642727,139158376,147618852,139135877,150746904,7.638999046075729,24.13166514517753,"(7.996237269598955,7.043602006870351,)","(1905,1143,)","(2.567948828804682e-06,4.27991471467447e-06,)"
num_control_f64,159504736,8,19938092,"( (6,), (2,), (5,3,4,0,7,1,), )",-1,148535955,139175807,148567101,139203368,150746904,7.741012856125032,24.13166514517753,"(7.952263834269836,7.998339106315672,7.662916651402457,)","(3072,512,2286,)","(1.283974414402341e-05,1.283974414402341e-05,2.139957357337235e-06,)"
num_control_f64,159504736,8,19938092,"( (7,1,0,), (2,4,), (5,6,3,), )",-1,147719407,139192117,147664568,139203572,150746904,7.638294750657897,24.13166514517753,"(7.043934768363404,7.9983463933251,7.992620304507587,)","(1143,1024,1143,)","(4.27991471467447e-06,6.419872072011705e-06,4.27991471467447e-06,)"
num_control_f64,159504736,8,19938092,"( (4,5,2,), (6,1,), (0,3,7,), )",-1,147075620,139216656,147027678,139161959,150746904,7.637464576615102,24.13166514517753,"(7.998314997663334,7.98640647114771,7.043986225878465,)","(1143,1024,1143,)","(4.27991471467447e-06,6.419872072011705e-06,4.27991471467447e-06,)"
num_control_f64,159504736,8,19938092,"( (2,), (3,), (7,0,4,1,), (6,5,), )",-1,148234696,139201390,148218211,139161278,150746904,7.684775166957547,24.13166514517753,"(7.998339106315672,7.9983463414183005,7.377420685564749,7.985916572833701,)","(512,1024,1524,1025,)","(1.283974414402341e-05,1.283974414402341e-05,3.2099360360058524e-06,6.419872072011705e-06,)"
num_control_f64,159504736,8,19938092,"( (6,), (1,0,), (4,7,5,2,3,), )",-1,148000657,139182684,147969808,139189498,150746904,7.715520559608782,24.13166514517753,"(7.952263834269836,7.998401390523438,7.555019572310709,)","(3072,762,1905,)","(1.283974414402341e-05,6.419872072011705e-06,2.567948828804682e-06,)"
num_control_f64,159504736,8,19938092,"( (4,), (0,6,2,), (3,7,5,1,), )",-1,148864691,139135370,148827889,139133372,150746904,7.685762101638826,24.13166514517753,"(7.998313512615503,7.992884512127436,7.377282441028199,)","(1024,1143,1524,)","(1.283974414402341e-05,4.27991471467447e-06,3.2099360360058524e-06,)"
num_control_f64,159504736,8,19938092,"( (2,3,), (0,6,5,), (4,), (1,7,), )",-1,145510988,139106011,145518252,139162747,150746904,7.560603806963689,24.13166514517753,"(7.998364070520179,7.992639001126847,7.998313512615503,6.255935899336558,)","(1024,1143,1024,1024,)","(6.419872072011705e-06,4.27991471467447e-06,1.283974414402341e-05,6.419872072011705e-06,)"
num_control_f64,159504736,8,19938092,"( (0,), (1,6,5,), (3,7,4,2,), )",-1,148864433,139135603,148828213,139133425,150746904,7.6856914621134464,24.13166514517753,"(7.9983965882242565,7.992619340748755,7.377319271609261,)","(1024,1143,1524,)","(1.283974414402341e-05,4.27991471467447e-06,3.2099360360058524e-06,)"
num_control_f64,159504736,8,19938092,"( (2,5,), (6,0,), (1,4,), (7,3,), )",-1,144920776,139217620,144867852,139137158,150746904,7.559785419400947,24.13166514517753,"(7.9982859294271424,7.9864524000609425,7.998366219962254,6.256037128153449,)","(1024,762,762,1025,)","(6.419872072011705e-06,6.419872072011705e-06,6.419872072011705e-06,6.419872072011705e-06,)"
num_control_f64,159504736,8,19938092,"( (3,7,6,), (0,4,1,), (5,2,), )",-1,146690198,139145249,146610081,139096402,150746904,7.642215196949792,24.13166514517753,"(7.048663956362619,7.998385949218731,7.9982859294271424,)","(1143,1143,1024,)","(4.27991471467447e-06,4.27991471467447e-06,6.419872072011705e-06,)"
num_control_f64,159504736,8,19938092,"( (6,), (5,1,7,0,2,), (4,3,), )",-1,148003992,139182231,147952358,139180120,150746904,7.715519548774447,24.13166514517753,"(7.952263834269836,7.555038090545611,7.99835105159884,)","(3072,1905,762,)","(1.283974414402341e-05,2.567948828804682e-06,6.419872072011705e-06,)"
num_control_f64,159504736,8,19938092,"( (6,3,), (0,1,5,7,2,), (4,), )",-1,149210279,139194942,149196887,139198685,150746904,7.718291494708034,24.13166514517753,"(7.986413996160357,7.555038090545611,7.998313512615503,)","(1024,1905,1024,)","(6.419872072011705e-06,2.567948828804682e-06,1.283974414402341e-05,)"
num_control_f64,159504736,8,19938092,"( (2,), (4,0,7,1,5,3,6,), )",-1,150291206,139159095,150285688,139184873,150746904,7.768898277069516,24.13166514517753,"(7.998339106315672,7.736121015748636,)","(512,2667,)","(1.283974414402341e-05,1.8342491634319157e-06,)"
num_control_f64,159504736,8,19938092,"( (6,2,), (3,7,1,0,5,4,), )",-1,149544915,139199849,149528415,139180835,150746904,7.7437998582208305,24.13166514517753,"(7.986449478675949,7.662916651402457,)","(1024,2286,)","(6.419872072011705e-06,2.139957357337235e-06,)"
num_control_f64,159504736,8,19938092,"( (0,1,), (3,4,), (7,5,6,2,), )",-1,148047732,139180872,148001730,139182996,150746904,7.689747216035754,24.13166514517753,"(7.998401390523438,7.99835105159884,7.381118211010369,)","(762,762,1524,)","(6.419872072011705e-06,6.419872072011705e-06,3.2099360360058524e-06,)"
num_control_f64,159504736,8,19938092,"( (1,0,), (7,), (6,), (2,3,5,4,), )",-1,139055485,139201345,139007016,139117971,150746904,7.3325377530006675,24.13166514517753,"(7.998401390523438,2.717886877813584,7.952263834269836,7.998337132718761,)","(762,27136,3072,1524,)","(6.419872072011705e-06,6.520182573136888e-07,1.283974414402341e-05,3.2099360360058524e-06,)"
num_control_f64,159504736,8,19938092,"( (4,7,0,), (2,6,1,5,3,), )",-1,147641536,139158950,147623057,139139049,150746904,7.639085268132932,24.13166514517753,"(7.043964627314923,7.996157652623738,)","(1143,1905,)","(4.27991471467447e-06,2.567948828804682e-06,)"
num_control_f64,159504736,8,19938092,"( (6,), (1,0,), (4,5,3,2,7,), )",-1,147996367,139203668,147965985,139208724,150746904,7.715520559608782,24.13166514517753,"(7.952263834269836,7.998401390523438,7.555019572310709,)","(3072,762,1905,)","(1.283974414402341e-05,6.419872072011705e-06,2.567948828804682e-06,)"
num_control_f64,159504736,8,19938092,"( (5,2,0,1,3,), (7,), (4,6,), )",-1,140244814,139158438,140199725,139203155,150746904,7.335301256214169,24.13166514517753,"(7.998368478716582,2.717886877813584,7.986340389158427,)","(1905,27136,1025,)","(2.567948828804682e-06,6.520182573136888e-07,6.419872072011705e-06,)"
num_control_f64,159504736,8,19938092,"( (1,5,2,0,4,), (3,7,6,), )",-1,146611315,139154071,146621628,139203252,150746904,7.642224520205729,24.13166514517753,"(7.998360858511594,7.048663956362619,)","(1905,1143,)","(2.567948828804682e-06,4.27991471467447e-06,)"
num_control_f64,159504736,8,19938092,"( (0,2,4,3,6,1,5,), (7,), )",-1,140811343,139179673,140811805,139180461,150746904,7.3372568926229835,24.13166514517753,"(7.997166894738612,2.717886877813584,)","(2667,27136,)","(1.8342491634319157e-06,6.520182573136888e-07,)"
num_control_f64,159504736,8,19938092,"( (6,1,7,2,0,5,), (4,3,), )",-1,149982465,139199893,149938665,139168354,150746904,7.748663429475505,24.13166514517753,"(7.6654342221010605,7.99835105159884,)","(2286,762,)","(2.139957357337235e-06,6.419872072011705e-06,)"
num_control_f64,159504736,8,19938092,"( (0,1,), (2,), (3,7,4,6,5,), )",-1,149147841,139136339,149171054,139183256,150746904,7.723281778202596,24.13166514517753,"(7.998401390523438,7.998339106315672,7.5582224676516425,)","(762,512,1905,)","(6.419872072011705e-06,1.283974414402341e-05,2.567948828804682e-06,)"
num_control_f64,159504736,8,19938092,"( (5,3,), (7,1,), (6,), (4,2,0,), )",-1,143652702,139215396,143598069,139140334,150746904,7.556980342398854,24.13166514517753,"(7.998292955833798,6.255935899336558,7.952263834269836,7.998373731526762,)","(1024,1025,3072,1143,)","(6.419872072011705e-06,6.419872072011705e-06,1.283974414402341e-05,4.27991471467447e-06,)"
num_control_f64,159504736,8,19938092,"( (6,), (7,), (2,), (3,4,1,5,0,), )",-1,139004330,139179343,139028616,139168690,150746904,7.332538509430936,24.13166514517753,"(7.952263834269836,2.717886877813584,7.998339106315672,7.9983636514096785,)","(3072,27136,512,1905,)","(1.283974414402341e-05,6.520182573136888e-07,1.283974414402341e-05,2.567948828804682e-06,)"
num_control_f64,159504736,8,19938092,"( (0,2,), (3,1,7,), (6,4,), (5,), )",-1,147094325,139173471,147051146,139167592,150746904,7.6373983123928015,24.13166514517753,"(7.998384315769231,7.043869708695525,7.986340389158427,7.998127963200522,)","(762,1143,1025,512,)","(6.419872072011705e-06,4.27991471467447e-06,6.419872072011705e-06,1.283974414402341e-05,)"
num_control_f64,159504736,8,19938092,"( (6,4,3,5,1,7,0,2,), )",-1,150772751,139199169,150772751,139199169,150746904,7.785477573304672,24.13166514517753,"(7.785477573304672,)","(3048,)","(1.6049680180029262e-06,)"
num_control_f64,159504736,8,19938092,"( (0,7,), (5,1,6,2,), (3,), (4,), )",-1,145457964,139092390,145458385,139139282,150746904,7.561137780563033,24.13166514517753,"(6.256169805291901,7.995025694971666,7.9983463414183005,7.998313512615503,)","(1025,1524,1024,1024,)","(6.419872072011705e-06,3.2099360360058524e-06,1.283974414402341e-05,1.283974414402341e-05,)"
num_control_f64,159504736,8,19938092,"( (6,), (4,2,1,7,), (5,3,0,), )",-1,147006368,139213683,146962240,139190090,150746904,7.682055997837464,24.13166514517753,"(7.952263834269836,7.3772884338529,7.998343471006093,)","(3072,1524,1143,)","(1.283974414402341e-05,3.2099360360058524e-06,4.27991471467447e-06,)"
num_control_f64,159504736,8,19938092,"( (1,), (3,7,0,2,4,), (5,6,), )",-1,149204227,139115845,149154880,139172774,150746904,7.71823136732214,24.13166514517753,"(7.998376723736168,7.55512821383471,7.985916572833701,)","(1024,1905,1024,)","(1.283974414402341e-05,2.567948828804682e-06,6.419872072011705e-06,)"
num_control_f64,159504736,8,19938092,"( (2,1,), (7,0,), (4,), (5,6,), (3,), )",-1,144880984,139105398,144856306,139160997,150746904,7.55969816236305,24.13166514517753,"(7.998376344309696,6.256169805291901,7.998313512615503,7.985916572833701,7.9983463414183005,)","(1024,1025,1024,1024,1024,)","(6.419872072011705e-06,6.419872072011705e-06,1.283974414402341e-05,6.419872072011705e-06,1.283974414402341e-05,)"
num_control_f64,159504736,8,19938092,"( (0,1,), (6,), (2,4,3,7,5,), )",-1,148000979,139195572,147955432,139137863,150746904,7.715520559608782,24.13166514517753,"(7.998401390523438,7.952263834269836,7.555019572310709,)","(762,3072,1905,)","(6.419872072011705e-06,1.283974414402341e-05,2.567948828804682e-06,)"
num_control_f64,159504736,8,19938092,"( (2,3,7,0,4,), (1,6,5,), )",-1,149836703,139159404,149801468,139161278,150746904,7.7191873864274765,24.13166514517753,"(7.55512821383471,7.992619340748755,)","(1905,1143,)","(2.567948828804682e-06,4.27991471467447e-06,)"
num_control_f64,159504736,8,19938092,"( (2,0,3,), (6,4,7,5,1,), )",-1,149127692,139227040,149108687,139152763,150746904,7.723267170636001,24.13166514517753,"(7.998385080776123,7.558196424551928,)","(1143,1905,)","(4.27991471467447e-06,2.567948828804682e-06,)"
num_control_f64,159504736,8,19938092,"( (6,), (2,0,3,), (4,1,7,5,), )",-1,147006347,139202665,146969553,139203581,150746904,7.682060767182502,24.13166514517753,"(7.952263834269836,7.998385080776123,7.377266765215452,)","(3072,1143,1524,)","(1.283974414402341e-05,4.27991471467447e-06,3.2099360360058524e-06,)"
num_control_f64,159504736,8,19938092,"( (0,), (7,), (3,6,2,1,5,4,), )",-1,140834626,139131503,140822148,139121956,150746904,7.33711488397328,24.13166514517753,"(7.9983965882242565,2.717886877813584,7.996772600958066,)","(1024,27136,2286,)","(1.283974414402341e-05,6.520182573136888e-07,2.139957357337235e-06,)"
num_control_f64,159504736,8,19938092,"( (3,), (0,7,6,), (4,2,1,), (5,), )",-1,146690200,139099993,146639098,139118224,150746904,7.64222683642445,24.13166514517753,"(7.9983463414183005,7.048743844194561,7.998369618064364,7.998127963200522,)","(1024,1143,1143,512,)","(1.283974414402341e-05,4.27991471467447e-06,4.27991471467447e-06,1.283974414402341e-05,)"
num_control_f64,159504736,8,19938092,"( (0,), (1,2,5,7,6,4,3,), )",-1,150256254,139144139,150250341,139167182,150746904,7.7688557276066845,24.13166514517753,"(7.9983965882242565,7.736064176089888,)","(1024,2667,)","(1.283974414402341e-05,1.8342491634319157e-06,)"
num_control_f64,159504736,8,19938092,"( (6,5,7,0,3,2,), (4,1,), )",-1,149979842,139199927,149936086,139168735,150746904,7.7486815413921954,24.13166514517753,"(7.665453315202176,7.998366219962254,)","(2286,762,)","(2.139957357337235e-06,6.419872072011705e-06,)"
num_control_f64,159504736,8,19938092,"( (1,), (2,4,7,0,3,), (6,5,), )",-1,149206001,139182894,149156715,139173306,150746904,7.71823136732214,24.13166514517753,"(7.998376723736168,7.55512821383471,7.985916572833701,)","(1024,1905,1025,)","(1.283974414402341e-05,2.567948828804682e-06,6.419872072011705e-06,)"
num_control_f64,159504736,8,19938092,"( (0,), (3,2,), (4,1,5,6,7,), )",-1,149143256,139157075,149114510,139202085,150746904,7.723263356503033,24.13166514517753,"(7.9983965882242565,7.998364070520179,7.558196424551929,)","(1024,1024,1905,)","(1.283974414402341e-05,6.419872072011705e-06,2.567948828804682e-06,)"
num_control_f64,159504736,8,19938092,"( (4,2,1,6,5,), (7,), (3,0,), )",-1,140890617,139178930,140851247,139152743,150746904,7.336921142879808,24.13166514517753,"(7.996141036240422,2.717886877813584,7.998388542011385,)","(1905,27136,1024,)","(2.567948828804682e-06,6.520182573136888e-07,6.419872072011705e-06,)"
num_control_f64,159504736,8,19938092,"( (0,7,), (3,), (6,4,1,5,2,), )",-1,145434535,139182300,145462180,139122280,150746904,7.561423891650527,24.13166514517753,"(6.256169805291901,7.9983463414183005,7.996141036240422,)","(1025,1024,1905,)","(6.419872072011705e-06,1.283974414402341e-05,2.567948828804682e-06,)"
num_control_f64,159504736,8,19938092,"( (6,7,), (1,3,5,0,4,2,), )",-1,141331857,139198906,141321033,139168105,150746904,7.5631085863778775,24.13166514517753,"(6.257334165807436,7.998366726568024,)","(1024,2286,)","(6.419872072011705e-06,2.139957357337235e-06,)"
num_control_f64,159504736,8,19938092,"( (6,3,2,7,0,), (1,), (5,4,), )",-1,149151350,139194558,149125423,139180233,150746904,7.723351020828056,24.13166514517753,"(7.558377668707369,7.998376723736168,7.998271549675716,)","(1905,1024,1024,)","(2.567948828804682e-06,1.283974414402341e-05,6.419872072011705e-06,)"
num_control_f64,159504736,8,19938092,"( (5,0,4,), (3,), (7,), (6,1,2,), )",-1,140913800,139213669,140911659,139167249,150746904,7.336226389727765,24.13166514517753,"(7.998330455307766,7.9983463414183005,2.717886877813584,7.992862177555643,)","(1143,1024,27136,1143,)","(4.27991471467447e-06,1.283974414402341e-05,6.520182573136888e-07,4.27991471467447e-06,)"
num_control_f64,159504736,8,19938092,"( (3,2,), (1,7,4,0,6,5,), )",-1,149754429,139170546,149736913,139173372,150746904,7.748690813988293,24.13166514517753,"(7.998364070520179,7.66546639514433,)","(1024,2286,)","(6.419872072011705e-06,2.139957357337235e-06,)"
num_control_f64,159504736,8,19938092,"( (4,3,0,1,7,2,6,), (5,), )",-1,150258989,139179345,150262371,139182302,150746904,7.768914279711194,24.13166514517753,"(7.736169467784147,7.998127963200522,)","(2667,512,)","(1.8342491634319157e-06,1.283974414402341e-05,)"
num_control_f64,159504736,8,19938092,"( (0,4,6,7,1,3,5,2,), )",-1,150646117,139115586,150646117,139115586,150746904,7.7854775733046715,24.13166514517753,"(7.7854775733046715,)","(3048,)","(1.6049680180029262e-06,)"
num_control_f64,159504736,8,19938092,"( (6,7,), (0,2,3,4,1,5,), )",-1,141332168,139200334,141320765,139168685,150746904,7.5631085863778775,24.13166514517753,"(6.257334165807436,7.998366726568024,)","(1024,2286,)","(6.419872072011705e-06,2.139957357337235e-06,)"
num_control_f64,159504736,8,19938092,"( (1,0,), (2,7,), (5,4,3,6,), )",-1,145489813,139156993,145445038,139185573,150746904,7.561044806068394,24.13166514517753,"(7.998401390523438,6.255788104379521,7.994994864685308,)","(762,762,1524,)","(6.419872072011705e-06,6.419872072011705e-06,3.2099360360058524e-06,)"
num_control_f64,159504736,8,19938092,"( (5,4,7,), (3,), (2,6,1,0,), )",-1,147662762,139134742,147666618,139149384,150746904,7.638773549581244,24.13166514517753,"(7.043715927053572,7.9983463414183005,7.995173568517734,)","(1143,1024,1524,)","(4.27991471467447e-06,1.283974414402341e-05,3.2099360360058524e-06,)"
num_control_f64,159504736,8,19938092,"( (7,), (3,5,0,1,2,6,4,), )",-1,140813885,139187750,140806359,139203088,150746904,7.337256892622984,24.13166514517753,"(2.717886877813584,7.997166894738613,)","(27136,2667,)","(6.520182573136888e-07,1.8342491634319157e-06,)"
num_control_f64,159504736,8,19938092,"( (0,4,3,5,6,), (7,1,2,), )",-1,147641854,139240078,147617488,139170588,150746904,7.638990076029055,24.13166514517753,"(7.996145160389738,7.0437316020945815,)","(1905,1143,)","(2.567948828804682e-06,4.27991471467447e-06,)"
num_control_f64,159504736,8,19938092,"( (6,7,), (1,), (2,4,0,3,5,), )",-1,141352250,139182292,141378877,139167845,150746904,7.563103005840289,24.13166514517753,"(6.257334165807436,7.998376723736168,7.998355798274254,)","(1024,1024,1905,)","(6.419872072011705e-06,1.283974414402341e-05,2.567948828804682e-06,)"
num_control_f64,159504736,8,19938092,"( (5,), (4,6,2,), (1,7,), (0,), (3,), )",-1,145478546,139060969,145472839,139133114,150746904,7.56065315963748,24.13166514517753,"(7.998127963200522,7.992827528527886,6.255935899336558,7.9983965882242565,7.9983463414183005,)","(512,1143,1024,1024,1024,)","(1.283974414402341e-05,4.27991471467447e-06,6.419872072011705e-06,1.283974414402341e-05,1.283974414402341e-05,)"
num_control_f64,159504736,8,19938092,"( (6,0,7,), (1,), (4,), (5,2,3,), )",-1,146690778,139171711,146711207,139169023,150746904,7.64223848928661,24.13166514517753,"(7.0487438441945605,7.998376723736168,7.998313512615503,7.998328715119178,)","(1143,1024,1024,1143,)","(4.27991471467447e-06,1.283974414402341e-05,1.283974414402341e-05,4.27991471467447e-06,)"
num_control_f64,159504736,8,19938092,"( (3,2,0,5,), (6,7,1,), (4,), )",-1,146667901,139201699,146652872,139170021,150746904,7.642190074710411,24.13166514517753,"(7.998354965255106,7.04859574134912,7.998313512615503,)","(1524,1143,1024,)","(3.2099360360058524e-06,4.27991471467447e-06,1.283974414402341e-05,)"
num_control_f64,159504736,8,19938092,"( (2,0,4,7,1,), (3,6,), (5,), )",-1,149214768,139128497,149186792,139173883,150746904,7.718311400483124,24.13166514517753,"(7.555107049668751,7.986413996160356,7.998127963200522,)","(1905,1024,512,)","(2.567948828804682e-06,6.419872072011705e-06,1.283974414402341e-05,)"
num_control_f64,159504736,8,19938092,"( (5,7,3,0,6,1,), (4,2,), )",-1,149754676,139170536,149710911,139138864,150746904,7.748697938700694,24.13166514517753,"(7.665481787159225,7.9983463933251,)","(2286,1024,)","(2.139957357337235e-06,6.419872072011705e-06,)"
num_control_f64,159504736,8,19938092,"( (2,5,6,0,7,1,3,4,), )",-1,150776698,139123300,150776698,139123300,150746904,7.7854775733046715,24.13166514517753,"(7.7854775733046715,)","(3048,)","(1.6049680180029262e-06,)"
num_control_f64,159504736,8,19938092,"( (0,4,6,2,7,1,3,), (5,), )",-1,150257662,139121518,150261046,139124475,150746904,7.768914279711193,24.13166514517753,"(7.736169467784146,7.998127963200522,)","(2667,512,)","(1.8342491634319157e-06,1.283974414402341e-05,)"
num_control_f64,159504736,8,19938092,"( (0,4,7,2,3,5,6,), (1,), )",-1,150287961,139159505,150291332,139162465,150746904,7.7688819250085395,24.13166514517753,"(7.736096953761736,7.998376723736168,)","(2667,1024,)","(1.8342491634319157e-06,1.283974414402341e-05,)"
num_control_f64,159504736,8,19938092,"( (0,6,4,), (3,1,2,7,), (5,), )",-1,148863935,139147344,148843986,139137155,150746904,7.685730270984498,24.13166514517753,"(7.99283428953158,7.37730283402018,7.998127963200522,)","(1143,1524,512,)","(4.27991471467447e-06,3.2099360360058524e-06,1.283974414402341e-05,)"
num_control_f64,159504736,8,19938092,"( (6,0,1,2,3,), (7,), (4,5,), )",-1,140893713,139225290,140854262,139199203,150746904,7.336964269530974,24.13166514517753,"(7.996256835816554,2.717886877813584,7.998271549675716,)","(1905,27136,1024,)","(2.567948828804682e-06,6.520182573136888e-07,6.419872072011705e-06,)"
num_control_f64,159504736,8,19938092,"( (7,2,), (1,0,3,), (4,), (6,5,), )",-1,144859387,139216058,144831371,139203690,150746904,7.559614247899579,24.13166514517753,"(6.255788104379521,7.998397038718226,7.998313512615503,7.985916572833701,)","(762,1143,1024,1025,)","(6.419872072011705e-06,4.27991471467447e-06,1.283974414402341e-05,6.419872072011705e-06,)"
num_control_f64,159504736,8,19938092,"( (2,1,0,), (7,), (5,3,6,), (4,), )",-1,140914534,139147332,140894016,139173411,150746904,7.336154988939852,24.13166514517753,"(7.998392869188989,2.717886877813584,7.992620304507587,7.998313512615503,)","(1143,27136,1143,1024,)","(4.27991471467447e-06,6.520182573136888e-07,4.27991471467447e-06,1.283974414402341e-05,)"
num_control_f64,159504736,8,19938092,"( (4,6,), (5,0,7,1,3,2,), )",-1,149776451,139134004,149764217,139122423,150746904,7.743740892405617,24.13166514517753,"(7.986340389158427,7.662874393488012,)","(1025,2286,)","(6.419872072011705e-06,2.139957357337235e-06,)"
num_control_f64,159504736,8,19938092,"( (2,0,), (6,4,), (7,3,1,), (5,), )",-1,147057065,139215642,147049099,139124467,150746904,7.6373983123928015,24.13166514517753,"(7.998384315769231,7.986340389158427,7.043869708695525,7.998127963200522,)","(762,1025,1143,512,)","(6.419872072011705e-06,6.419872072011705e-06,4.27991471467447e-06,1.283974414402341e-05,)"
num_control_f64,159504736,8,19938092,"( (6,), (7,), (4,3,2,1,5,0,), )",-1,138979795,139197178,138967265,139168416,150746904,7.332543883936445,24.13166514517753,"(7.952263834269836,2.717886877813584,7.998366726568023,)","(3072,27136,2286,)","(1.283974414402341e-05,6.520182573136888e-07,2.139957357337235e-06,)"
num_control_f64,159504736,8,19938092,"( (4,1,5,7,0,3,), (6,2,), )",-1,149780480,139211818,149733985,139172693,150746904,7.7437998582208305,24.13166514517753,"(7.6629166514024565,7.986449478675949,)","(2286,1024,)","(2.139957357337235e-06,6.419872072011705e-06,)"
num_control_f64,159504736,8,19938092,"( (7,), (4,0,), (1,2,5,3,6,), )",-1,140890614,139196406,140861240,139214807,150746904,7.336927511170436,24.13166514517753,"(2.717886877813584,7.998372474215611,7.996157652623737,)","(27136,762,1905,)","(6.520182573136888e-07,6.419872072011705e-06,2.567948828804682e-06,)"
num_control_f64,159504736,8,19938092,"( (1,), (3,5,), (7,0,4,6,2,), )",-1,149153419,139178845,149126470,139173197,150746904,7.723343546797054,24.13166514517753,"(7.998376723736168,7.998292955833797,7.558357147794532,)","(1024,1024,1905,)","(1.283974414402341e-05,6.419872072011705e-06,2.567948828804682e-06,)"
num_control_f64,159504736,8,19938092,"( (7,), (1,3,), (0,6,5,2,4,), )",-1,140892169,139158956,140862207,139181222,150746904,7.336924798236653,24.13166514517753,"(2.717886877813584,7.998383303544205,7.996148980198245,)","(27136,1024,1905,)","(6.520182573136888e-07,6.419872072011705e-06,2.567948828804682e-06,)"
num_control_f64,159504736,8,19938092,"( (7,4,), (0,6,5,), (3,), (2,1,), )",-1,145513216,139149058,145478325,139164736,150746904,7.5606254570660845,24.13166514517753,"(6.25599381155522,7.992639001126847,7.9983463414183005,7.998376344309696,)","(762,1143,1024,1024,)","(6.419872072011705e-06,4.27991471467447e-06,1.283974414402341e-05,6.419872072011705e-06,)"
num_control_f64,159504736,8,19938092,"( (7,0,3,), (4,2,6,1,), (5,), )",-1,147666253,139179054,147648846,139191404,150746904,7.638829797963269,24.13166514517753,"(7.043986225878465,7.995137935717558,7.998127963200522,)","(1143,1524,512,)","(4.27991471467447e-06,3.2099360360058524e-06,1.283974414402341e-05,)"
num_control_f64,159504736,8,19938092,"( (1,4,3,), (7,0,6,5,2,), )",-1,149130002,139202991,149110621,139160454,150746904,7.723274828654599,24.13166514517753,"(7.998373974065757,7.558215341407905,)","(1143,1905,)","(4.27991471467447e-06,2.567948828804682e-06,)"
num_control_f64,159504736,8,19938092,"( (1,5,3,), (4,0,6,7,2,), )",-1,149128146,139172622,149107286,139182929,150746904,7.7233516520086685,24.13166514517753,"(7.998342492365562,7.558357147794532,)","(1143,1905,)","(4.27991471467447e-06,2.567948828804682e-06,)"
num_control_f64,159504736,8,19938092,"( (2,7,6,4,5,1,0,3,), )",-1,150713691,139097074,150713691,139097074,150746904,7.7854775733046715,24.13166514517753,"(7.7854775733046715,)","(3048,)","(1.6049680180029262e-06,)"
num_control_f64,159504736,8,19938092,"( (1,4,6,2,3,0,), (7,), (5,), )",-1,140835424,139131447,140841009,139137358,150746904,7.3371357656088625,24.13166514517753,"(7.9968452139761315,2.717886877813584,7.998127963200522,)","(2286,27136,512,)","(2.139957357337235e-06,6.520182573136888e-07,1.283974414402341e-05,)"
num_control_f64,159504736,8,19938092,"( (6,), (1,3,2,4,0,), (5,7,), )",-1,143576964,139181675,143571305,139208566,150746904,7.556939828909637,24.13166514517753,"(7.952263834269836,7.998384797600002,6.255665404503625,)","(3072,1905,1025,)","(1.283974414402341e-05,2.567948828804682e-06,6.419872072011705e-06,)"
num_control_f64,159504736,8,19938092,"( (2,), (0,4,), (1,6,7,), (3,5,), )",-1,146709997,139106480,146660463,139169891,150746904,7.642182148807731,24.13166514517753,"(7.998339106315672,7.998372474215611,7.048595741349119,7.998292955833797,)","(512,762,1143,1024,)","(1.283974414402341e-05,6.419872072011705e-06,4.27991471467447e-06,6.419872072011705e-06,)"
num_control_f64,159504736,8,19938092,"( (7,), (6,4,2,), (0,1,3,), (5,), )",-1,140914156,139214070,140886690,139140863,150746904,7.336211067844055,24.13166514517753,"(2.717886877813584,7.992827528527886,7.998397038718226,7.998127963200522,)","(27136,1143,1143,512,)","(6.520182573136888e-07,4.27991471467447e-06,4.27991471467447e-06,1.283974414402341e-05,)"
num_control_f64,159504736,8,19938092,"( (3,1,), (2,4,6,5,7,), (0,), )",-1,149142492,139137705,149133157,139174444,150746904,7.723246337910364,24.13166514517753,"(7.998383303544205,7.558161501594048,7.9983965882242565,)","(1024,1905,1024,)","(6.419872072011705e-06,2.567948828804682e-06,1.283974414402341e-05,)"
num_control_f64,159504736,8,19938092,"( (5,7,4,6,), (3,), (1,), (2,0,), )",-1,148015791,139112148,148014383,139121984,150746904,7.6897708033427605,24.13166514517753,"(7.381168682512291,7.9983463414183005,7.998376723736168,7.998384315769231,)","(1524,1024,1024,762,)","(3.2099360360058524e-06,1.283974414402341e-05,1.283974414402341e-05,6.419872072011705e-06,)"
num_control_f64,159504736,8,19938092,"( (5,), (6,7,3,4,0,1,2,), )",-1,150238229,139164723,150232342,139101964,150746904,7.768914279711194,24.13166514517753,"(7.998127963200522,7.736169467784147,)","(512,2667,)","(1.283974414402341e-05,1.8342491634319157e-06,)"
num_control_f64,159504736,8,19938092,"( (4,), (3,7,1,0,2,), (6,5,), )",-1,149213605,139181562,149164403,139160976,150746904,7.718216713144817,24.13166514517753,"(7.998313512615503,7.555117409375125,7.985916572833701,)","(1024,1905,1025,)","(1.283974414402341e-05,2.567948828804682e-06,6.419872072011705e-06,)"
num_control_f64,159504736,8,19938092,"( (1,7,), (2,0,4,), (6,3,5,), )",-1,145487636,139215920,145448697,139147802,150746904,7.560606738347021,24.13166514517753,"(6.255935899336558,7.998373731526762,7.992620304507588,)","(1024,1143,1143,)","(6.419872072011705e-06,4.27991471467447e-06,4.27991471467447e-06,)"
num_control_f64,159504736,8,19938092,"( (5,3,), (1,7,), (4,0,6,2,), )",-1,145488411,139137524,145443758,139173148,150746904,7.561132704153307,24.13166514517753,"(7.998292955833798,6.255935899336558,7.9951509807214345,)","(1024,1024,1524,)","(6.419872072011705e-06,6.419872072011705e-06,3.2099360360058524e-06,)"
num_control_f64,159504736,8,19938092,"( (7,6,5,0,1,3,), (2,), (4,), )",-1,149815384,139127369,149829537,139140745,150746904,7.7486929177358155,24.13166514517753,"(7.665481787159225,7.998339106315672,7.998313512615503,)","(2286,512,1024,)","(2.139957357337235e-06,1.283974414402341e-05,1.283974414402341e-05,)"
num_control_f64,159504736,8,19938092,"( (5,), (4,1,), (7,3,), (2,0,6,), )",-1,145514028,139149558,145453080,139184903,150746904,7.56069852447678,24.13166514517753,"(7.998127963200522,7.998366219962254,6.256037128153449,7.992884512127437,)","(512,762,1025,1143,)","(1.283974414402341e-05,6.419872072011705e-06,6.419872072011705e-06,4.27991471467447e-06,)"
num_control_f64,159504736,8,19938092,"( (1,), (7,3,6,), (0,2,4,), (5,), )",-1,146656747,139148523,146662235,139121263,150746904,7.642202218825605,24.13166514517753,"(7.998376723736168,7.048663956362619,7.998373731526762,7.998127963200522,)","(1024,1143,1143,512,)","(1.283974414402341e-05,4.27991471467447e-06,4.27991471467447e-06,1.283974414402341e-05,)"
num_control_f64,159504736,8,19938092,"( (5,3,), (1,), (6,), (2,4,7,0,), )",-1,147030296,139158758,147027950,139157009,150746904,7.6820840061485685,24.13166514517753,"(7.998292955833798,7.998376723736168,7.952263834269836,7.377361394878736,)","(1024,1024,3072,1524,)","(6.419872072011705e-06,1.283974414402341e-05,1.283974414402341e-05,3.2099360360058524e-06,)"
num_control_f64,159504736,8,19938092,"( (1,6,2,3,7,5,0,), (4,), )",-1,150256547,139120416,150259865,139123315,150746904,7.768871987692663,24.13166514517753,"(7.7360946269893995,7.998313512615503,)","(2667,1024,)","(1.8342491634319157e-06,1.283974414402341e-05,)"
num_control_f64,159504736,8,19938092,"( (7,3,5,6,2,1,0,), (4,), )",-1,150338324,139161377,150341641,139164276,150746904,7.768871987692662,24.13166514517753,"(7.736094626989399,7.998313512615503,)","(2667,1024,)","(1.8342491634319157e-06,1.283974414402341e-05,)"
num_control_f64,159504736,8,19938092,"( (0,2,), (4,1,6,), (5,3,7,), )",-1,147717485,139150845,147683655,139180232,150746904,7.63830363814183,24.13166514517753,"(7.998384315769231,7.99281277319931,7.043740717999418,)","(762,1143,1143,)","(6.419872072011705e-06,4.27991471467447e-06,4.27991471467447e-06,)"
num_control_f64,159504736,8,19938092,"( (6,5,3,7,1,0,4,2,), )",-1,150647948,139180812,150647948,139180812,150746904,7.7854775733046715,24.13166514517753,"(7.7854775733046715,)","(3048,)","(1.6049680180029262e-06,)"
num_control_f64,159504736,8,19938092,"( (3,6,5,), (1,0,2,7,4,), )",-1,149845754,139171916,149824878,139135659,150746904,7.719174520233315,24.13166514517753,"(7.992620304507587,7.555107049668751,)","(1143,1905,)","(4.27991471467447e-06,2.567948828804682e-06,)"
num_control_f64,159504736,8,19938092,"( (5,1,0,), (7,6,), (3,), (4,2,), )",-1,141446081,139145720,141405904,139146116,150746904,7.563095463720754,24.13166514517753,"(7.998352083360887,6.257334165807436,7.9983463414183005,7.9983463933251,)","(1143,1024,1024,1024,)","(4.27991471467447e-06,6.419872072011705e-06,1.283974414402341e-05,6.419872072011705e-06,)"
num_control_f64,159504736,8,19938092,"( (0,1,5,6,), (7,2,4,3,), )",-1,148842512,139229452,148812675,139143497,150746904,7.68617543428786,24.13166514517753,"(7.995031596966461,7.3773192716092595,)","(1524,1524,)","(3.2099360360058524e-06,3.2099360360058524e-06,)"
num_control_f64,159504736,8,19938092,"( (0,), (1,), (7,), (3,5,4,6,2,), )",-1,140858059,139133808,140883639,139162519,150746904,7.336919774939742,24.13166514517753,"(7.9983965882242565,7.998376723736168,2.717886877813584,7.996139601948785,)","(1024,1024,27136,1905,)","(1.283974414402341e-05,1.283974414402341e-05,6.520182573136888e-07,2.567948828804682e-06,)"
num_control_f64,159504736,8,19938092,"( (2,0,3,6,7,4,1,), (5,), )",-1,150257361,139141027,150260744,139143984,150746904,7.768914279711194,24.13166514517753,"(7.736169467784147,7.998127963200522,)","(2667,512,)","(1.8342491634319157e-06,1.283974414402341e-05,)"
num_control_f64,159504736,8,19938092,"( (6,2,4,5,3,), (7,0,1,), )",-1,147642250,139269036,147618561,139199344,150746904,7.639062789354267,24.13166514517753,"(7.996139601948785,7.043934768363405,)","(1905,1143,)","(2.567948828804682e-06,4.27991471467447e-06,)"
num_control_f64,159504736,8,19938092,"( (2,6,7,3,), (5,0,), (4,1,), )",-1,148049686,139137267,147979810,139102082,150746904,7.689853214908899,24.13166514517753,"(7.3813688141410205,7.9983090113913,7.998366219962254,)","(1524,762,762,)","(3.2099360360058524e-06,6.419872072011705e-06,6.419872072011705e-06,)"
num_control_f64,159504736,8,19938092,"( (6,), (1,3,2,4,5,), (0,7,), )",-1,143577281,139182861,143569448,139208869,150746904,7.557047156465199,24.13166514517753,"(7.952263834269836,7.998354761373591,6.256169805291901,)","(3072,1905,1025,)","(1.283974414402341e-05,2.567948828804682e-06,6.419872072011705e-06,)"
num_control_f64,159504736,8,19938092,"( (1,7,0,3,), (2,4,5,), (6,), )",-1,147008080,139201840,146992299,139172527,150746904,7.682118476439966,24.13166514517753,"(7.377434746064971,7.998314997663336,7.952263834269836,)","(1524,1143,3072,)","(3.2099360360058524e-06,4.27991471467447e-06,1.283974414402341e-05,)"
num_control_f64,159504736,8,19938092,"( (3,7,), (1,), (2,), (6,5,4,0,), )",-1,145456496,139157630,145506240,139139476,150746904,7.561102556447701,24.13166514517753,"(6.256037128153449,7.998376723736168,7.998339106315672,7.9950075913057175,)","(1025,1024,512,1524,)","(6.419872072011705e-06,1.283974414402341e-05,1.283974414402341e-05,3.2099360360058524e-06,)"
num_control_f64,159504736,8,19938092,"( (1,4,2,5,0,), (7,6,), (3,), )",-1,141371430,139155190,141366207,139188011,150746904,7.563102370698893,24.13166514517753,"(7.998360858511595,6.257334165807436,7.9983463414183005,)","(1905,1024,1024,)","(2.567948828804682e-06,6.419872072011705e-06,1.283974414402341e-05,)"
num_control_f64,159504736,8,19938092,"( (6,3,2,0,7,5,), (1,4,), )",-1,149985507,139221100,149941715,139189429,150746904,7.7486815413921954,24.13166514517753,"(7.665453315202177,7.998366219962254,)","(2286,762,)","(2.139957357337235e-06,6.419872072011705e-06,)"
num_control_f64,159504736,8,19938092,"( (6,), (7,1,0,2,5,3,), (4,), )",-1,148394158,139197548,148392175,139167193,150746904,7.740977963476675,24.13166514517753,"(7.952263834269836,7.662874393488011,7.998313512615503,)","(3072,2286,1024,)","(1.283974414402341e-05,2.139957357337235e-06,1.283974414402341e-05,)"
num_control_f64,159504736,8,19938092,"( (0,), (4,1,3,5,6,7,), (2,), )",-1,149942045,139155746,149938203,139185634,150746904,7.748673870721747,24.13166514517753,"(7.9983965882242565,7.665442545205677,7.998339106315672,)","(1024,2286,512,)","(1.283974414402341e-05,2.139957357337235e-06,1.283974414402341e-05,)"
num_control_f64,159504736,8,19938092,"( (1,), (3,4,), (7,0,6,), (5,2,), )",-1,146745890,139150102,146661567,139160314,150746904,7.642235277296477,24.13166514517753,"(7.998376723736168,7.99835105159884,7.048743844194561,7.9982859294271424,)","(1024,762,1143,1024,)","(1.283974414402341e-05,6.419872072011705e-06,4.27991471467447e-06,6.419872072011705e-06,)"
num_control_f64,159504736,8,19938092,"( (5,7,1,2,0,), (3,), (6,4,), )",-1,149212976,139181832,149182817,139160305,150746904,7.718277196557901,24.13166514517753,"(7.555038090545611,7.9983463414183005,7.986340389158427,)","(1905,1024,1025,)","(2.567948828804682e-06,1.283974414402341e-05,6.419872072011705e-06,)"
num_control_f64,159504736,8,19938092,"( (6,7,), (1,2,), (3,), (0,5,4,), )",-1,141429916,139173025,141406158,139167852,150746904,7.563094840946982,24.13166514517753,"(6.257334165807436,7.998376344309696,7.9983463414183005,7.998330455307764,)","(1024,1024,1024,1143,)","(6.419872072011705e-06,6.419872072011705e-06,1.283974414402341e-05,4.27991471467447e-06,)"
num_control_f64,159504736,8,19938092,"( (2,3,), (6,), (0,5,1,7,4,), )",-1,148004524,139195418,147959873,139136865,150746904,7.715557318598878,24.13166514517753,"(7.998364070520179,7.952263834269836,7.555093314696167,)","(1024,3072,1905,)","(6.419872072011705e-06,1.283974414402341e-05,2.567948828804682e-06,)"
num_control_f64,159504736,8,19938092,"( (6,7,1,0,5,2,3,), (4,), )",-1,150237136,139164577,150240453,139167476,150746904,7.768871987692663,24.13166514517753,"(7.7360946269893995,7.998313512615503,)","(2667,1024,)","(1.8342491634319157e-06,1.283974414402341e-05,)"
num_control_f64,159504736,8,19938092,"( (7,6,3,1,0,5,), (2,4,), )",-1,149848826,139172521,149804963,139140651,150746904,7.748697938700694,24.13166514517753,"(7.665481787159226,7.9983463933251,)","(2286,1024,)","(2.139957357337235e-06,6.419872072011705e-06,)"
num_control_f64,159504736,8,19938092,"( (0,), (4,5,1,3,2,6,7,), )",-1,150220671,139179497,150215220,139201822,150746904,7.7688557276066845,24.13166514517753,"(7.9983965882242565,7.736064176089888,)","(1024,2667,)","(1.283974414402341e-05,1.8342491634319157e-06,)"
num_control_f64,159504736,8,19938092,"( (4,2,3,1,0,5,7,6,), )",-1,150759480,139203090,150759480,139203090,150746904,7.785477573304672,24.13166514517753,"(7.785477573304672,)","(3048,)","(1.6049680180029262e-06,)"
num_control_f64,159504736,8,19938092,"( (2,), (6,1,), (7,5,0,), (4,), (3,), )",-1,147065259,139170100,147040504,139113876,150746904,7.637403058092136,24.13166514517753,"(7.998339106315672,7.98640647114771,7.043804187364066,7.998313512615503,7.9983463414183005,)","(512,1024,1143,1024,1024,)","(1.283974414402341e-05,6.419872072011705e-06,4.27991471467447e-06,1.283974414402341e-05,1.283974414402341e-05,)"
num_control_f64,159504736,8,19938092,"( (6,), (1,0,2,4,7,5,3,), )",-1,148787621,139187249,148781588,139198717,150746904,7.761261315916495,24.13166514517753,"(7.952263834269836,7.733975241866018,)","(3072,2667,)","(1.283974414402341e-05,1.8342491634319157e-06,)"
num_control_f64,159504736,8,19938092,"( (0,), (7,4,), (6,), (2,3,5,1,), )",-1,143600076,139201586,143546446,139122212,150746904,7.557007839064614,24.13166514517753,"(7.9983965882242565,6.25599381155522,7.952263834269836,7.998353666728095,)","(1024,762,3072,1524,)","(1.283974414402341e-05,6.419872072011705e-06,1.283974414402341e-05,3.2099360360058524e-06,)"
num_control_f64,159504736,8,19938092,"( (0,), (4,1,5,), (7,2,), (3,6,), )",-1,144860226,139149108,144796797,139194229,150746904,7.559723485028495,24.13166514517753,"(7.9983965882242565,7.998329030307983,6.255788104379521,7.986413996160356,)","(1024,1143,762,1024,)","(1.283974414402341e-05,4.27991471467447e-06,6.419872072011705e-06,6.419872072011705e-06,)"
num_control_f64,159504736,8,19938092,"( (1,7,), (3,6,4,0,2,5,), )",-1,145410171,139132109,145397803,139121462,150746904,7.561567603294373,24.13166514517753,"(6.255935899336558,7.996778171280312,)","(1024,2286,)","(6.419872072011705e-06,2.139957357337235e-06,)"
num_control_f64,159504736,8,19938092,"( (1,0,4,6,2,), (5,7,3,), )",-1,147642638,139179475,147619777,139156793,150746904,7.639053417066403,24.13166514517753,"(7.996241036506596,7.043740717999416,)","(1905,1143,)","(2.567948828804682e-06,4.27991471467447e-06,)"
num_control_f64,159504736,8,19938092,"( (3,4,1,2,7,), (6,0,5,), )",-1,149832822,139246770,149797440,139166875,150746904,7.719163356605954,24.13166514517753,"(7.555077969893418,7.992639001126847,)","(1905,1143,)","(2.567948828804682e-06,4.27991471467447e-06,)"
num_control_f64,159504736,8,19938092,"( (6,0,3,2,5,1,4,7,), )",-1,150749062,139209405,150749062,139209405,150746904,7.7854775733046715,24.13166514517753,"(7.7854775733046715,)","(3048,)","(1.6049680180029262e-06,)"
num_control_f64,159504736,8,19938092,"( (5,2,1,7,4,), (0,6,3,), )",-1,149836330,139172348,149800874,139173281,150746904,7.719200559790583,24.13166514517753,"(7.554998763262709,7.992870220670371,)","(1905,1143,)","(2.567948828804682e-06,4.27991471467447e-06,)"
num_control_f64,159504736,8,19938092,"( (1,6,), (2,), (4,7,), (0,5,3,), )",-1,144868720,139106223,144861352,139123007,150746904,7.559771260592476,24.13166514517753,"(7.986406471147711,7.998339106315672,6.25599381155522,7.998343471006093,)","(1024,512,762,1143,)","(6.419872072011705e-06,1.283974414402341e-05,6.419872072011705e-06,4.27991471467447e-06,)"
num_control_f64,159504736,8,19938092,"( (7,), (4,), (2,0,5,), (1,6,3,), )",-1,140914225,139147143,140915028,139203428,150746904,7.336220728505197,24.13166514517753,"(2.717886877813584,7.998313512615503,7.998339265500812,7.992849213703351,)","(27136,1024,1143,1143,)","(6.520182573136888e-07,1.283974414402341e-05,4.27991471467447e-06,4.27991471467447e-06,)"
num_control_f64,159504736,8,19938092,"( (3,4,5,0,), (1,), (6,2,7,), )",-1,146665284,139201784,146667465,139188154,150746904,7.642175042319069,24.13166514517753,"(7.998348356846913,7.998376723736168,7.048543395809578,)","(1524,1024,1143,)","(3.2099360360058524e-06,1.283974414402341e-05,4.27991471467447e-06,)"
num_control_f64,159504736,8,19938092,"( (3,7,), (6,2,), (0,5,1,4,), )",-1,144841797,139203834,144786070,139096394,150746904,7.559799197784945,24.13166514517753,"(6.256037128153449,7.986449478675949,7.99835509215519,)","(1025,1024,1524,)","(6.419872072011705e-06,6.419872072011705e-06,3.2099360360058524e-06,)"
num_control_f64,159504736,8,19938092,"( (7,), (5,2,6,1,4,0,3,), )",-1,140814180,139141894,140806747,139164940,150746904,7.3372568926229835,24.13166514517753,"(2.717886877813584,7.997166894738612,)","(27136,2667,)","(6.520182573136888e-07,1.8342491634319157e-06,)"
num_control_f64,159504736,8,19938092,"( (0,4,5,1,6,7,3,), (2,), )",-1,150236266,139167169,150239590,139170092,150746904,7.768898277069514,24.13166514517753,"(7.736121015748635,7.998339106315672,)","(2667,512,)","(1.8342491634319157e-06,1.283974414402341e-05,)"
num_control_f64,159504736,8,19938092,"( (4,2,1,3,0,6,), (5,7,), )",-1,145411032,139179023,145410825,139188322,150746904,7.561550261608005,24.13166514517753,"(7.9968452139761315,6.255665404503625,)","(2286,1025,)","(2.139957357337235e-06,6.419872072011705e-06,)"
num_control_f64,159504736,8,19938092,"( (0,), (7,2,3,), (1,4,6,), (5,), )",-1,147686795,139148718,147660931,139161887,150746904,7.638288986399897,24.13166514517753,"(7.9983965882242565,7.04378300672549,7.992812773199309,7.998127963200522,)","(1024,1143,1143,512,)","(1.283974414402341e-05,4.27991471467447e-06,4.27991471467447e-06,1.283974414402341e-05,)"
num_control_f64,159504736,8,19938092,"( (2,7,6,0,1,4,), (3,), (5,), )",-1,149722825,139083122,149737093,139096614,150746904,7.748709937591275,24.13166514517753,"(7.665534199351896,7.9983463414183005,7.998127963200522,)","(2286,1024,512,)","(2.139957357337235e-06,1.283974414402341e-05,1.283974414402341e-05,)"
num_control_f64,159504736,8,19938092,"( (5,1,6,2,0,), (3,7,4,), )",-1,147643632,139159191,147617920,139136658,150746904,7.639065624785454,24.13166514517753,"(7.996166492683958,7.0438975116212825,)","(1905,1143,)","(2.567948828804682e-06,4.27991471467447e-06,)"
num_control_f64,159504736,8,19938092,"( (6,2,3,), (5,7,), (4,), (1,), (0,), )",-1,145476672,139127962,145493864,139190895,150746904,7.560626226581208,24.13166514517753,"(7.9928640596888325,6.255665404503625,7.998313512615503,7.998376723736168,7.9983965882242565,)","(1143,1025,1024,1024,1024,)","(4.27991471467447e-06,6.419872072011705e-06,1.283974414402341e-05,1.283974414402341e-05,1.283974414402341e-05,)"
num_control_f64,159504736,8,19938092,"( (1,), (5,6,4,), (2,7,0,3,), )",-1,148865633,139135204,148829143,139132940,150746904,7.685703214888414,24.13166514517753,"(7.998376723736168,7.992582156406216,7.377375631538124,)","(1024,1143,1524,)","(1.283974414402341e-05,4.27991471467447e-06,3.2099360360058524e-06,)"
num_control_f64,159504736,8,19938092,"( (4,1,0,), (6,3,), (5,7,2,), )",-1,147065993,139215811,147028784,139156511,150746904,7.637348982573496,24.13166514517753,"(7.998385949218731,7.986413996160357,7.043602006870352,)","(1143,1024,1143,)","(4.27991471467447e-06,6.419872072011705e-06,4.27991471467447e-06,)"
num_control_f64,159504736,8,19938092,"( (1,), (4,7,), (6,2,5,0,3,), )",-1,145436846,139181737,145408361,139117787,150746904,7.56139893251954,24.13166514517753,"(7.998376723736168,6.25599381155522,7.996165422661943,)","(1024,762,1905,)","(1.283974414402341e-05,6.419872072011705e-06,2.567948828804682e-06,)"
num_control_f64,159504736,8,19938092,"( (7,5,0,2,), (1,4,3,6,), )",-1,148842086,139229101,148813621,139215457,150746904,7.686196685929559,24.13166514517753,"(7.3772619822925805,7.995131389566538,)","(1524,1524,)","(3.2099360360058524e-06,3.2099360360058524e-06,)"
num_control_f64,159504736,8,19938092,"( (1,5,2,3,0,7,4,6,), )",-1,150772160,139202705,150772160,139202705,150746904,7.7854775733046715,24.13166514517753,"(7.7854775733046715,)","(3048,)","(1.6049680180029262e-06,)"
num_control_f64,159504736,8,19938092,"( (0,1,), (5,4,7,), (3,), (2,6,), )",-1,147092101,139106566,147044191,139194179,150746904,7.637399482622223,24.13166514517753,"(7.998401390523438,7.043715927053572,7.9983463414183005,7.986449478675949,)","(762,1143,1024,1024,)","(6.419872072011705e-06,4.27991471467447e-06,1.283974414402341e-05,6.419872072011705e-06,)"
num_control_f64,159504736,8,19938092,"( (2,6,), (4,), (5,0,7,1,3,), )",-1,149213343,139116609,149235759,139131715,150746904,7.718341837587758,24.13166514517753,"(7.986449478675949,7.998313512615503,7.555104446146932,)","(1024,1024,1905,)","(6.419872072011705e-06,1.283974414402341e-05,2.567948828804682e-06,)"
num_control_f64,159504736,8,19938092,"( (4,), (7,3,2,1,5,), (6,0,), )",-1,149214950,139225512,149162610,139161389,150746904,7.718283600690674,24.13166514517753,"(7.998313512615503,7.5550100985576005,7.9864524000609425,)","(1024,1905,762,)","(1.283974414402341e-05,2.567948828804682e-06,6.419872072011705e-06,)"
num_control_f64,159504736,8,19938092,"( (5,7,), (2,0,), (4,), (1,6,3,), )",-1,145509347,139105940,145486692,139160448,150746904,7.560620074283909,24.13166514517753,"(6.255665404503625,7.998384315769231,7.998313512615503,7.992849213703351,)","(1025,762,1024,1143,)","(6.419872072011705e-06,6.419872072011705e-06,1.283974414402341e-05,4.27991471467447e-06,)"
num_control_f64,159504736,8,19938092,"( (0,1,4,), (7,3,6,5,), (2,), )",-1,147994315,139178977,147972311,139161162,150746904,7.689787698371925,24.13166514517753,"(7.998385949218729,7.381201158250886,7.998339106315672,)","(1143,1524,512,)","(4.27991471467447e-06,3.2099360360058524e-06,1.283974414402341e-05,)"
num_control_f64,159504736,8,19938092,"( (0,2,1,), (4,), (7,), (5,6,), (3,), )",-1,140281867,139104010,140279802,139183094,150746904,7.33519481063522,24.13166514517753,"(7.99839286918899,7.998313512615503,2.717886877813584,7.985916572833701,7.9983463414183005,)","(1143,1024,27136,1024,1024,)","(4.27991471467447e-06,1.283974414402341e-05,6.520182573136888e-07,6.419872072011705e-06,1.283974414402341e-05,)"
num_control_f64,159504736,8,19938092,"( (1,6,), (7,), (0,2,3,4,), (5,), )",-1,140269604,139135248,140251685,139101476,150746904,7.335292112365419,24.13166514517753,"(7.986406471147711,2.717886877813584,7.9983772789034555,7.998127963200522,)","(1024,27136,1524,512,)","(6.419872072011705e-06,6.520182573136888e-07,3.2099360360058524e-06,1.283974414402341e-05,)"
num_control_f64,159504736,8,19938092,"( (6,7,0,), (2,3,1,4,5,), )",-1,146645132,139225780,146626768,139168353,150746904,7.642250667431455,24.13166514517753,"(7.0487438441945605,7.998354761373591,)","(1143,1905,)","(4.27991471467447e-06,2.567948828804682e-06,)"
num_control_f64,159504736,8,19938092,"( (2,6,0,5,3,4,), (1,7,), )",-1,145410126,139133170,145409984,139142524,150746904,7.561567603294373,24.13166514517753,"(7.996778171280312,6.255935899336558,)","(2286,1024,)","(2.139957357337235e-06,6.419872072011705e-06,)"
num_control_f64,159504736,8,19938092,"( (3,7,), (2,6,5,0,1,), (4,), )",-1,145436756,139114757,145428686,139121682,150746904,7.561402529042773,24.13166514517753,"(6.256037128153449,7.996166492683958,7.998313512615503,)","(1025,1905,1024,)","(6.419872072011705e-06,2.567948828804682e-06,1.283974414402341e-05,)"
num_control_f64,159504736,8,19938092,"( (7,4,1,3,0,), (2,5,6,), )",-1,149843947,139202207,149809245,139214581,150746904,7.71922059013893,24.13166514517753,"(7.555172822176063,7.992633536743707,)","(1905,1143,)","(2.567948828804682e-06,4.27991471467447e-06,)"
num_control_f64,159504736,8,19938092,"( (3,6,4,0,), (7,), (1,2,5,), )",-1,140890938,139177380,140857206,139122487,150746904,7.336684116920601,24.13166514517753,"(7.9951437056881,2.717886877813584,7.998337078266275,)","(1524,27136,1143,)","(3.2099360360058524e-06,6.520182573136888e-07,4.27991471467447e-06,)"
num_control_f64,159504736,8,19938092,"( (0,), (4,), (3,5,), (2,6,1,7,), )",-1,148017217,139103949,148016886,139189350,150746904,7.689826228911713,24.13166514517753,"(7.9983965882242565,7.998313512615503,7.998292955833797,7.381328454696587,)","(1024,1024,1024,1524,)","(1.283974414402341e-05,1.283974414402341e-05,6.419872072011705e-06,3.2099360360058524e-06,)"
num_control_f64,159504736,8,19938092,"( (2,4,7,3,6,), (1,5,0,), )",-1,149125850,139197649,149090823,139140384,150746904,7.723334339719178,24.13166514517753,"(7.558323693534152,7.998352083360887,)","(1905,1143,)","(2.567948828804682e-06,4.27991471467447e-06,)"
num_control_f64,159504736,8,19938092,"( (6,3,4,0,1,), (7,5,2,), )",-1,147642052,139268254,147618054,139198440,150746904,7.63899904607573,24.13166514517753,"(7.996237269598955,7.043602006870352,)","(1905,1143,)","(2.567948828804682e-06,4.27991471467447e-06,)"
num_control_f64,159504736,8,19938092,"( (3,), (7,1,6,2,5,), (0,4,), )",-1,149152011,139159867,149102907,139121376,150746904,7.723234147972065,24.13166514517753,"(7.9983463414183005,7.558156378785402,7.998372474215611,)","(1024,1905,762,)","(1.283974414402341e-05,2.567948828804682e-06,6.419872072011705e-06,)"
num_control_f64,159504736,8,19938092,"( (1,5,6,3,4,7,2,0,), )",-1,150770051,139133392,150770051,139133392,150746904,7.7854775733046715,24.13166514517753,"(7.7854775733046715,)","(3048,)","(1.6049680180029262e-06,)"
num_control_f64,159504736,8,19938092,"( (2,), (4,3,), (5,6,7,), (1,), (0,), )",-1,146708300,139061226,146695792,139170424,150746904,7.642054553180033,24.13166514517753,"(7.998339106315672,7.99835105159884,7.048207301322162,7.998376723736168,7.9983965882242565,)","(512,762,1143,1024,1024,)","(1.283974414402341e-05,6.419872072011705e-06,4.27991471467447e-06,1.283974414402341e-05,1.283974414402341e-05,)"
num_control_f64,159504736,8,19938092,"( (3,1,6,), (0,2,7,4,), (5,), )",-1,148865750,139137190,148845227,139132161,150746904,7.68576514797819,24.13166514517753,"(7.99284921370335,7.377361394878736,7.998127963200522,)","(1143,1524,512,)","(4.27991471467447e-06,3.2099360360058524e-06,1.283974414402341e-05,)"
num_control_f64,159504736,8,19938092,"( (4,0,), (2,1,7,3,5,6,), )",-1,149982457,139182588,149973554,139194153,150746904,7.748650976653583,24.13166514517753,"(7.998372474215611,7.66541047746624,)","(762,2286,)","(6.419872072011705e-06,2.139957357337235e-06,)"
num_control_f64,159504736,8,19938092,"( (7,5,3,), (1,0,), (4,2,6,), )",-1,147717160,139193533,147662833,139214797,150746904,7.638313440078598,24.13166514517753,"(7.043740717999418,7.998401390523438,7.992827528527886,)","(1143,762,1143,)","(4.27991471467447e-06,6.419872072011705e-06,4.27991471467447e-06,)"
num_control_f64,159504736,8,19938092,"( (3,1,6,7,5,), (2,4,0,), )",-1,149131606,139172407,149096578,139115186,150746904,7.723276287172935,24.13166514517753,"(7.558217820560637,7.998373731526763,)","(1905,1143,)","(2.567948828804682e-06,4.27991471467447e-06,)"
num_control_f64,159504736,8,19938092,"( (2,5,4,1,7,), (0,3,), (6,), )",-1,147996233,139203683,147967327,139193544,150746904,7.715504341825768,24.13166514517753,"(7.554998763262708,7.998388542011385,7.952263834269836,)","(1905,1024,3072,)","(2.567948828804682e-06,6.419872072011705e-06,1.283974414402341e-05,)"
num_control_f64,159504736,8,19938092,"( (1,5,0,7,), (3,), (2,6,), (4,), )",-1,148238737,139103606,148227363,139173470,150746904,7.684855842855213,24.13166514517753,"(7.377321982864001,7.9983463414183005,7.986449478675949,7.998313512615503,)","(1524,1024,1024,1024,)","(3.2099360360058524e-06,1.283974414402341e-05,6.419872072011705e-06,1.283974414402341e-05,)"
num_control_f64,159504736,8,19938092,"( (7,4,), (0,6,5,2,), (1,3,), )",-1,145490504,139180223,145432795,139164696,150746904,7.561113123095949,24.13166514517753,"(6.25599381155522,7.995037688642187,7.998383303544205,)","(762,1524,1024,)","(6.419872072011705e-06,3.2099360360058524e-06,6.419872072011705e-06,)"
num_control_f64,159504736,8,19938092,"( (5,6,1,4,0,), (3,), (7,2,), )",-1,145438160,139158131,145455150,139136058,150746904,7.5613320080659765,24.13166514517753,"(7.996146702870096,7.9983463414183005,6.255788104379521,)","(1905,1024,762,)","(2.567948828804682e-06,1.283974414402341e-05,6.419872072011705e-06,)"
num_control_f64,159504736,8,19938092,"( (6,), (7,1,5,4,3,0,), (2,), )",-1,148393311,139197163,148391129,139168282,150746904,7.741012856125032,24.13166514517753,"(7.952263834269836,7.662916651402457,7.998339106315672,)","(3072,2286,512,)","(1.283974414402341e-05,2.139957357337235e-06,1.283974414402341e-05,)"
num_control_f64,159504736,8,19938092,"( (4,), (2,5,1,), (7,), (3,6,), (0,), )",-1,140283885,139103789,140249696,139182903,150746904,7.335304525721609,24.13166514517753,"(7.998313512615503,7.998337078266274,2.717886877813584,7.986413996160356,7.9983965882242565,)","(1024,1143,27136,1024,1024,)","(1.283974414402341e-05,4.27991471467447e-06,6.520182573136888e-07,6.419872072011705e-06,1.283974414402341e-05,)"
num_control_f64,159504736,8,19938092,"( (5,7,2,0,3,1,4,6,), )",-1,150714988,139172005,150714988,139172005,150746904,7.7854775733046715,24.13166514517753,"(7.7854775733046715,)","(3048,)","(1.6049680180029262e-06,)"
num_control_f64,159504736,8,19938092,"( (0,1,), (2,4,6,5,), (7,3,), )",-1,145491613,139180823,145473321,139174551,150746904,7.561110389558855,24.13166514517753,"(7.998401390523438,7.995001519779267,6.256037128153449,)","(762,1524,1025,)","(6.419872072011705e-06,3.2099360360058524e-06,6.419872072011705e-06,)"
num_control_f64,159504736,8,19938092,"( (2,5,6,4,7,3,1,0,), )",-1,150775550,139124570,150775550,139124570,150746904,7.785477573304673,24.13166514517753,"(7.785477573304673,)","(3048,)","(1.6049680180029262e-06,)"
num_control_f64,159504736,8,19938092,"( (6,1,0,), (4,), (2,5,3,7,), )",-1,148863822,139213570,148865298,139208344,150746904,7.685725783485604,24.13166514517753,"(7.992868683099663,7.998313512615503,7.377221676492585,)","(1143,1024,1524,)","(4.27991471467447e-06,1.283974414402341e-05,3.2099360360058524e-06,)"
num_control_f64,159504736,8,19938092,"( (1,6,4,7,), (3,), (2,0,5,), )",-1,147995406,139147234,147984609,139114271,150746904,7.689860571007576,24.13166514517753,"(7.381380107534968,7.9983463414183005,7.998339265500812,)","(1524,1024,1143,)","(3.2099360360058524e-06,1.283974414402341e-05,4.27991471467447e-06,)"
num_control_f64,159504736,8,19938092,"( (4,6,7,5,0,2,3,1,), )",-1,150783126,139101318,150783126,139101318,150746904,7.785477573304672,24.13166514517753,"(7.785477573304672,)","(3048,)","(1.6049680180029262e-06,)"
num_control_f64,159504736,8,19938092,"( (1,0,2,), (6,7,5,), (4,3,), )",-1,146719178,139216185,146638292,139143639,150746904,7.642062826841391,24.13166514517753,"(7.99839286918899,7.0482073013221616,7.99835105159884,)","(1143,1143,762,)","(4.27991471467447e-06,4.27991471467447e-06,6.419872072011705e-06,)"
num_control_f64,159504736,8,19938092,"( (1,5,7,6,4,3,2,0,), )",-1,150778813,139118277,150778813,139118277,150746904,7.7854775733046715,24.13166514517753,"(7.7854775733046715,)","(3048,)","(1.6049680180029262e-06,)"
num_control_f64,159504736,8,19938092,"( (2,3,), (5,6,), (4,), (0,1,7,), )",-1,147087103,139106496,147066354,139162103,150746904,7.637334888051685,24.13166514517753,"(7.998364070520179,7.985916572833701,7.998313512615503,7.043934768363405,)","(1024,1024,1024,1143,)","(6.419872072011705e-06,6.419872072011705e-06,1.283974414402341e-05,4.27991471467447e-06,)"
num_control_f64,159504736,8,19938092,"( (0,), (6,3,1,), (2,), (7,5,4,), )",-1,147684917,139214153,147678233,139132406,150746904,7.638303889601337,24.13166514517753,"(7.9983965882242565,7.992849213703351,7.998339106315672,7.043715927053572,)","(1024,1143,512,1143,)","(1.283974414402341e-05,4.27991471467447e-06,1.283974414402341e-05,4.27991471467447e-06,)"
num_control_f64,159504736,8,19938092,"( (6,5,4,), (3,1,0,), (7,2,), )",-1,145490527,139258891,145454198,139203190,150746904,7.560564224266546,24.13166514517753,"(7.9925821564062165,7.998397038718226,6.255788104379521,)","(1143,1143,762,)","(4.27991471467447e-06,4.27991471467447e-06,6.419872072011705e-06,)"
num_control_f64,159504736,8,19938092,"( (5,3,), (4,), (0,1,2,6,7,), )",-1,149148242,139156965,149171809,139200924,150746904,7.723331644086326,24.13166514517753,"(7.998292955833798,7.998313512615503,7.558350745681503,)","(1024,1024,1905,)","(6.419872072011705e-06,1.283974414402341e-05,2.567948828804682e-06,)"
num_control_f64,159504736,8,19938092,"( (4,6,1,), (0,3,2,5,), (7,), )",-1,140890698,139178117,140869220,139141416,150746904,7.336218132303992,24.13166514517753,"(7.992812773199309,7.998354965255106,2.717886877813584,)","(1143,1524,27136,)","(4.27991471467447e-06,3.2099360360058524e-06,6.520182573136888e-07,)"
num_control_f64,159504736,8,19938092,"( (3,1,), (0,5,2,7,6,4,), )",-1,149982465,139178454,149968597,139187968,150746904,7.748674240940185,24.13166514517753,"(7.998383303544205,7.665437886738845,)","(1024,2286,)","(6.419872072011705e-06,2.139957357337235e-06,)"
num_control_f64,159504736,8,19938092,"( (0,4,), (1,), (7,), (3,6,), (2,5,), )",-1,140338400,139105829,140328323,139161139,150746904,7.335301050144496,24.13166514517753,"(7.998372474215611,7.998376723736168,2.717886877813584,7.986413996160356,7.9982859294271424,)","(762,1024,27136,1024,1024,)","(6.419872072011705e-06,1.283974414402341e-05,6.520182573136888e-07,6.419872072011705e-06,6.419872072011705e-06,)"
num_control_f64,159504736,8,19938092,"( (5,4,6,), (7,), (2,3,1,0,), )",-1,140890409,139177948,140861524,139115280,150746904,7.336150247173172,24.13166514517753,"(7.9925821564062165,2.717886877813584,7.998392157588285,)","(1143,27136,1524,)","(4.27991471467447e-06,6.520182573136888e-07,3.2099360360058524e-06,)"
num_control_f64,159504736,8,19938092,"( (0,), (2,5,6,4,7,3,), (1,), )",-1,149951642,139111135,149947194,139153039,150746904,7.748656959141025,24.13166514517753,"(7.9983965882242565,7.665413726861296,7.998376723736168,)","(1024,2286,1024,)","(1.283974414402341e-05,2.139957357337235e-06,1.283974414402341e-05,)"
num_control_f64,159504736,8,19938092,"( (2,5,0,1,7,4,), (6,), (3,), )",-1,148538140,139176489,148543752,139182644,150746904,7.740975581875827,24.13166514517753,"(7.662865746553081,7.952263834269836,7.9983463414183005,)","(2286,3072,1024,)","(2.139957357337235e-06,1.283974414402341e-05,1.283974414402341e-05,)"
num_control_f64,159504736,8,19938092,"( (2,6,), (3,4,1,7,5,0,), )",-1,149777102,139145516,149762923,139132712,150746904,7.7437998582208305,24.13166514517753,"(7.986449478675949,7.662916651402457,)","(1024,2286,)","(6.419872072011705e-06,2.139957357337235e-06,)"
num_control_f64,159504736,8,19938092,"( (3,7,6,1,), (2,), (0,4,), (5,), )",-1,148018762,139087413,148010161,139096400,150746904,7.6898571403539595,24.13166514517753,"(7.3814112762210655,7.998339106315672,7.998372474215611,7.998127963200522,)","(1524,512,762,512,)","(3.2099360360058524e-06,1.283974414402341e-05,6.419872072011705e-06,1.283974414402341e-05,)"
num_control_f64,159504736,8,19938092,"( (6,7,5,4,2,0,), (3,1,), )",-1,149751316,139199136,149707563,139167739,150746904,7.748674240940185,24.13166514517753,"(7.665437886738845,7.998383303544205,)","(2286,1024,)","(2.139957357337235e-06,6.419872072011705e-06,)"
num_control_f64,159504736,8,19938092,"( (6,5,4,1,), (2,3,0,7,), )",-1,148842813,139244488,148813119,139208690,150746904,7.686185840710284,24.13166514517753,"(7.994996049882446,7.377375631538122,)","(1524,1524,)","(3.2099360360058524e-06,3.2099360360058524e-06,)"
num_control_f64,159504736,8,19938092,"( (7,), (1,0,6,5,), (2,3,4,), )",-1,140891568,139178865,140848488,139164234,150746904,7.336636956662971,24.13166514517753,"(2.717886877813584,7.99503159696646,7.998360795874781,)","(27136,1524,1143,)","(6.520182573136888e-07,3.2099360360058524e-06,4.27991471467447e-06,)"
num_control_f64,159504736,8,19938092,"( (2,0,), (4,3,1,7,6,5,), )",-1,149980250,139177858,149966580,139188837,150746904,7.748677987846564,24.13166514517753,"(7.998384315769231,7.665442545205677,)","(762,2286,)","(6.419872072011705e-06,2.139957357337235e-06,)"
num_control_f64,159504736,8,19938092,"( (4,5,), (6,1,3,7,), (2,0,), )",-1,148049614,139215591,147985943,139133106,150746904,7.68986960447177,24.13166514517753,"(7.998271549675716,7.381411276221066,7.998384315769231,)","(1024,1524,762,)","(6.419872072011705e-06,3.2099360360058524e-06,6.419872072011705e-06,)"
num_control_f64,159504736,8,19938092,"( (4,), (3,6,0,7,1,2,5,), )",-1,150261100,139111043,150254358,139123210,150746904,7.768871987692662,24.13166514517753,"(7.998313512615503,7.736094626989399,)","(1024,2667,)","(1.283974414402341e-05,1.8342491634319157e-06,)"
num_control_f64,159504736,8,19938092,"( (6,4,1,), (2,), (7,5,3,0,), )",-1,148864469,139244154,148865854,139190075,150746904,7.685773729663581,24.13166514517753,"(7.99281277319931,7.998339106315672,7.377353102848763,)","(1143,512,1524,)","(4.27991471467447e-06,1.283974414402341e-05,3.2099360360058524e-06,)"
num_control_f64,159504736,8,19938092,"( (4,6,2,5,), (0,3,), (7,1,), )",-1,145487629,139179957,145461723,139136205,150746904,7.561081870226619,24.13166514517753,"(7.995001519779267,7.998388542011385,6.255935899336558,)","(1524,1024,1025,)","(3.2099360360058524e-06,6.419872072011705e-06,6.419872072011705e-06,)"
num_control_f64,159504736,8,19938092,"( (2,0,3,6,5,), (4,1,7,), )",-1,147642645,139179695,147619185,139163049,150746904,7.639046313992436,24.13166514517753,"(7.996165422661944,7.043847799543256,)","(1905,1143,)","(2.567948828804682e-06,4.27991471467447e-06,)"
num_control_f64,159504736,8,19938092,"( (0,1,7,6,3,2,5,4,), )",-1,150782243,139118098,150782243,139118098,150746904,7.7854775733046715,24.13166514517753,"(7.7854775733046715,)","(3048,)","(1.6049680180029262e-06,)"
num_control_f64,159504736,8,19938092,"( (3,7,6,4,5,1,0,2,), )",-1,150713662,139097130,150713662,139097130,150746904,7.7854775733046715,24.13166514517753,"(7.7854775733046715,)","(3048,)","(1.6049680180029262e-06,)"
num_control_f64,159504736,8,19938092,"( (4,5,2,6,0,), (7,), (1,), (3,), )",-1,140859468,139132918,140878130,139151862,150746904,7.33691935549491,24.13166514517753,"(7.996148980198245,2.717886877813584,7.998376723736168,7.9983463414183005,)","(1905,27136,1024,1024,)","(2.567948828804682e-06,6.520182573136888e-07,1.283974414402341e-05,1.283974414402341e-05,)"
num_control_f64,159504736,8,19938092,"( (0,2,4,7,), (6,), (3,), (5,1,), )",-1,147029812,139170820,146999087,139147087,150746904,7.682083741791179,24.13166514517753,"(7.377361394878736,7.952263834269836,7.9983463414183005,7.998307089563178,)","(1524,3072,1024,1024,)","(3.2099360360058524e-06,1.283974414402341e-05,1.283974414402341e-05,6.419872072011705e-06,)"
num_control_f64,159504736,8,19938092,"( (3,1,6,), (0,), (7,4,2,), (5,), )",-1,147686430,139148198,147701239,139123396,150746904,7.63829430263761,24.13166514517753,"(7.99284921370335,7.9983965882242565,7.0437607428553495,7.998127963200522,)","(1143,1024,1143,512,)","(4.27991471467447e-06,1.283974414402341e-05,4.27991471467447e-06,1.283974414402341e-05,)"
num_control_f64,159504736,8,19938092,"( (5,1,0,), (4,3,), (6,7,2,), )",-1,146688922,139215728,146678041,139183106,150746904,7.642173567588635,24.13166514517753,"(7.998352083360887,7.99835105159884,7.048543395809578,)","(1143,762,1143,)","(4.27991471467447e-06,6.419872072011705e-06,4.27991471467447e-06,)"
num_control_f64,159504736,8,19938092,"( (0,7,2,4,3,6,1,), (5,), )",-1,150231954,139146057,150235338,139149014,150746904,7.768914279711194,24.13166514517753,"(7.736169467784147,7.998127963200522,)","(2667,512,)","(1.8342491634319157e-06,1.283974414402341e-05,)"
num_control_f64,159504736,8,19938092,"( (6,), (7,4,1,0,2,), (3,5,), )",-1,148008218,139224493,147957550,139167426,150746904,7.715548124285148,24.13166514517753,"(7.952263834269836,7.5551070496687505,7.998292955833797,)","(3072,1905,1024,)","(1.283974414402341e-05,2.567948828804682e-06,6.419872072011705e-06,)"
num_control_f64,159504736,8,19938092,"( (6,3,5,0,), (2,7,), (1,4,), )",-1,145489681,139202710,145431243,139198152,150746904,7.561054069460579,24.13166514517753,"(7.99503097675027,6.255788104379521,7.998366219962254,)","(1524,762,762,)","(3.2099360360058524e-06,6.419872072011705e-06,6.419872072011705e-06,)"
num_control_f64,159504736,8,19938092,"( (4,6,0,1,), (7,3,), (5,2,), )",-1,145493547,139179640,145433635,139123046,150746904,7.5611530490705405,24.13166514517753,"(7.995144569350787,6.256037128153449,7.9982859294271424,)","(1524,1025,1024,)","(3.2099360360058524e-06,6.419872072011705e-06,6.419872072011705e-06,)"
num_control_f64,159504736,8,19938092,"( (4,3,5,2,7,1,), (0,6,), )",-1,149775503,139155159,149728840,139193945,150746904,7.743746483406083,24.13166514517753,"(7.662844511187796,7.9864524000609425,)","(2286,762,)","(2.139957357337235e-06,6.419872072011705e-06,)"
num_control_f64,159504736,8,19938092,"( (1,), (6,2,), (3,), (7,4,0,5,), )",-1,148239056,139201502,148233616,139123696,150746904,7.68487154554767,24.13166514517753,"(7.998376723736168,7.986449478675949,7.9983463414183005,7.377337585468748,)","(1024,1024,1024,1524,)","(1.283974414402341e-05,6.419872072011705e-06,1.283974414402341e-05,3.2099360360058524e-06,)"
num_control_f64,159504736,8,19938092,"( (6,), (0,7,1,5,4,3,), (2,), )",-1,148303397,139155236,148298228,139169515,150746904,7.741012856125032,24.13166514517753,"(7.952263834269836,7.6629166514024565,7.998339106315672,)","(3072,2286,512,)","(1.283974414402341e-05,2.139957357337235e-06,1.283974414402341e-05,)"
num_control_f64,159504736,8,19938092,"( (3,6,0,2,4,), (7,5,1,), )",-1,147640779,139201850,147617171,139132310,150746904,7.639033815802729,24.13166514517753,"(7.996239808559399,7.043690494541612,)","(1905,1143,)","(2.567948828804682e-06,4.27991471467447e-06,)"
num_control_f64,159504736,8,19938092,"( (5,6,2,3,), (0,4,7,1,), )",-1,148843753,139167294,148814018,139136539,150746904,7.6862229690150965,24.13166514517753,"(7.995025252465445,7.377420685564749,)","(1524,1524,)","(3.2099360360058524e-06,3.2099360360058524e-06,)"
num_control_f64,159504736,8,19938092,"( (3,2,1,7,0,5,4,6,), )",-1,150645007,139184484,150645007,139184484,150746904,7.7854775733046715,24.13166514517753,"(7.7854775733046715,)","(3048,)","(1.6049680180029262e-06,)"
num_control_f64,159504736,8,19938092,"( (1,), (0,3,5,4,6,), (7,2,), )",-1,145435365,139196905,145429246,139183703,150746904,7.561334841805488,24.13166514517753,"(7.998376723736168,7.996145160389739,6.255788104379521,)","(1024,1905,762,)","(1.283974414402341e-05,2.567948828804682e-06,6.419872072011705e-06,)"
num_control_f64,159504736,8,19938092,"( (6,7,), (0,2,5,1,3,), (4,), )",-1,141355803,139182515,141348431,139168180,150746904,7.563103029726661,24.13166514517753,"(6.257334165807436,7.998368478716582,7.998313512615503,)","(1024,1905,1024,)","(6.419872072011705e-06,2.567948828804682e-06,1.283974414402341e-05,)"
num_control_f64,159504736,8,19938092,"( (1,4,7,5,3,6,0,), (2,), )",-1,150287290,139146342,150290613,139149265,150746904,7.768898277069514,24.13166514517753,"(7.736121015748635,7.998339106315672,)","(2667,512,)","(1.8342491634319157e-06,1.283974414402341e-05,)"
num_control_f64,159504736,8,19938092,"( (6,), (7,5,), (2,), (1,0,4,3,), )",-1,143601233,139201632,143595699,139167963,150746904,7.556935022961632,24.13166514517753,"(7.952263834269836,6.255665404503625,7.998339106315672,7.998386608525075,)","(3072,1024,512,1524,)","(1.283974414402341e-05,6.419872072011705e-06,1.283974414402341e-05,3.2099360360058524e-06,)"
num_control_f64,159504736,8,19938092,"( (0,), (1,7,), (5,6,2,), (4,3,), )",-1,145510157,139106144,145423332,139140239,150746904,7.560608887540772,24.13166514517753,"(7.9983965882242565,6.255935899336558,7.992633536743708,7.99835105159884,)","(1024,1024,1143,762,)","(1.283974414402341e-05,6.419872072011705e-06,4.27991471467447e-06,6.419872072011705e-06,)"
num_control_f64,159504736,8,19938092,"( (1,7,2,5,), (0,6,), (4,3,), )",-1,148270150,139137359,148212232,139147792,150746904,7.684796151051028,24.13166514517753,"(7.377190576272167,7.9864524000609425,7.99835105159884,)","(1524,762,762,)","(3.2099360360058524e-06,6.419872072011705e-06,6.419872072011705e-06,)"
num_control_f64,159504736,8,19938092,"( (3,), (7,0,5,), (1,4,6,), (2,), )",-1,147685420,139148100,147659998,139161245,150746904,7.638317041178013,24.13166514517753,"(7.9983463414183005,7.043804187364067,7.992812773199309,7.998339106315672,)","(1024,1143,1143,512,)","(1.283974414402341e-05,4.27991471467447e-06,4.27991471467447e-06,1.283974414402341e-05,)"
num_control_f64,159504736,8,19938092,"( (2,7,1,4,0,5,3,6,), )",-1,150714159,139171650,150714159,139171650,150746904,7.7854775733046715,24.13166514517753,"(7.7854775733046715,)","(3048,)","(1.6049680180029262e-06,)"
num_control_f64,159504736,8,19938092,"( (0,), (4,5,), (1,7,2,3,6,), )",-1,149149432,139153923,149125041,139194163,150746904,7.723316158347672,24.13166514517753,"(7.9983965882242565,7.998271549675716,7.558317915841139,)","(1024,1024,1905,)","(1.283974414402341e-05,6.419872072011705e-06,2.567948828804682e-06,)"
num_control_f64,159504736,8,19938092,"( (1,6,), (3,), (4,0,2,7,5,), )",-1,149215448,139128681,149236386,139136198,150746904,7.718300024218751,24.13166514517753,"(7.986406471147711,7.9983463414183005,7.5550481820072575,)","(1024,1024,1905,)","(6.419872072011705e-06,1.283974414402341e-05,2.567948828804682e-06,)"
num_control_f64,159504736,8,19938092,"( (5,7,0,), (1,2,3,6,), (4,), )",-1,147663719,139155414,147646278,139160601,150746904,7.638796100783848,24.13166514517753,"(7.043804187364066,7.995160682890771,7.998313512615503,)","(1143,1524,1024,)","(4.27991471467447e-06,3.2099360360058524e-06,1.283974414402341e-05,)"
num_control_f64,159504736,8,19938092,"( (7,1,), (2,), (4,), (0,5,3,6,), )",-1,145457051,139154973,145506517,139214450,150746904,7.561081040575671,24.13166514517753,"(6.255935899336558,7.998339106315672,7.998313512615503,7.99503097675027,)","(1025,512,1024,1524,)","(6.419872072011705e-06,1.283974414402341e-05,1.283974414402341e-05,3.2099360360058524e-06,)"
num_control_f64,159504736,8,19938092,"( (0,5,6,), (2,), (3,), (7,1,4,), )",-1,147687249,139148170,147718725,139133652,150746904,7.638268231218035,24.13166514517753,"(7.992639001126847,7.998339106315672,7.9983463414183005,7.043847799543255,)","(1143,512,1024,1143,)","(4.27991471467447e-06,1.283974414402341e-05,1.283974414402341e-05,4.27991471467447e-06,)"
num_control_f64,159504736,8,19938092,"( (2,0,), (3,5,1,4,6,7,), )",-1,149972878,139200714,149960889,139202129,150746904,7.748677987846564,24.13166514517753,"(7.998384315769231,7.665442545205677,)","(762,2286,)","(6.419872072011705e-06,2.139957357337235e-06,)"
num_control_f64,159504736,8,19938092,"( (0,2,6,), (1,7,4,3,5,), )",-1,149836114,139160857,149814394,139124745,150746904,7.719247418350684,24.13166514517753,"(7.992884512127437,7.555065162084632,)","(1143,1905,)","(4.27991471467447e-06,2.567948828804682e-06,)"
num_control_f64,159504736,8,19938092,"( (7,5,6,0,1,), (2,), (3,), (4,), )",-1,149122381,139113699,149154426,139144521,150746904,7.723280965703698,24.13166514517753,"(7.558249753056022,7.998339106315672,7.9983463414183005,7.998313512615503,)","(1905,512,1024,1024,)","(2.567948828804682e-06,1.283974414402341e-05,1.283974414402341e-05,1.283974414402341e-05,)"
num_control_f64,159504736,8,19938092,"( (6,4,2,), (7,0,1,3,5,), )",-1,149841774,139269061,149822246,139180291,150746904,7.71925060203979,24.13166514517753,"(7.992827528527886,7.555104446146933,)","(1143,1905,)","(4.27991471467447e-06,2.567948828804682e-06,)"
