Dataset,FeatureScenario,k,Silhouette,DaviesBouldin,CalinskiHarabasz,GapStatistic,ClusterConfig,CompressionTool,StandardSize(B),StandardRatio,DecomposedSize(B)_ColOrder,DecomposedRatio_ColOrder,DecomposedSize(B)_RowOrder,DecomposedRatio_RowOrder
hst_wfc3_ir_f32,Entropy,2,0.7348385768641055,0.01339024876622074,2478.7818891918114,2.334285669878504,"(1,2,3)|(4)",fastlz,15760762,1.5237405399561266,12402720,1.9362939742250087,12442452,1.9301108816815207
hst_wfc3_ir_f32,Entropy,3,0.4987998734290173,0.0008120158945989587,143534528.90864387,7.05309011985037,"(1,2)|(3)|(4)",fastlz,15760762,1.5237405399561266,12422048,1.9332812109565185,12442434,1.9301136739001388
hst_wfc3_ir_f32,Entropy,4,-1.0,-1.0,-1.0,-1.0,(1)|(2)|(3)|(4),fastlz,15760762,1.5237405399561266,12442423,1.930115380259938,12442423,1.930115380259938
hst_wfc3_ir_f32,Entropy_Mean,2,0.7295278388711313,0.018050434740602812,1364.0837672201803,1.7532048059015164,"(1,2,3)|(4)",fastlz,15760762,1.5237405399561266,12402720,1.9362939742250087,12442452,1.9301108816815207
hst_wfc3_ir_f32,Entropy_Mean,3,0.499077568762219,0.000627274557759431,133791935.36728857,6.751041201953361,"(1,2)|(3)|(4)",fastlz,15760762,1.5237405399561266,12422048,1.9332812109565185,12442434,1.9301136739001388
hst_wfc3_ir_f32,Entropy_Mean,4,-1.0,-1.0,-1.0,-1.0,(1)|(2)|(3)|(4),fastlz,15760762,1.5237405399561266,12442423,1.930115380259938,12442423,1.930115380259938
hst_wfc3_ir_f32,Entropy_Std,2,0.7437825421281966,0.005513849137443328,14617.84503251234,3.0926754842289492,"(1,2,3)|(4)",fastlz,15760762,1.5237405399561266,12402720,1.9362939742250087,12442452,1.9301108816815207
hst_wfc3_ir_f32,Entropy_Std,3,0.49567499719420505,0.002901240724526208,65137240.40154636,6.765233320379914,"(1,2)|(3)|(4)",fastlz,15760762,1.5237405399561266,12422048,1.9332812109565185,12442434,1.9301136739001388
hst_wfc3_ir_f32,Entropy_Std,4,-1.0,-1.0,-1.0,-1.0,(1)|(2)|(3)|(4),fastlz,15760762,1.5237405399561266,12442423,1.930115380259938,12442423,1.930115380259938
hst_wfc3_ir_f32,Entropy_Max,2,0.7411652430031557,0.007821830392229626,7264.394597784915,2.498243898775625,"(1,2,3)|(4)",fastlz,15760762,1.5237405399561266,12402720,1.9362939742250087,12442452,1.9301108816815207
hst_wfc3_ir_f32,Entropy_Max,3,0.4990142295768194,0.0006629286689316286,623143809.2508686,7.349022011235969,"(1,2)|(3)|(4)",fastlz,15760762,1.5237405399561266,12422048,1.9332812109565185,12442434,1.9301136739001388
hst_wfc3_ir_f32,Entropy_Max,4,-1.0,-1.0,-1.0,-1.0,(1)|(2)|(3)|(4),fastlz,15760762,1.5237405399561266,12442423,1.930115380259938,12442423,1.930115380259938
hst_wfc3_ir_f32,Entropy_Min,2,0.6903753742618666,0.0515049594447436,167.52237772109055,1.1303917102413066,"(1,2,3)|(4)",fastlz,15760762,1.5237405399561266,12402720,1.9362939742250087,12442452,1.9301108816815207
hst_wfc3_ir_f32,Entropy_Min,3,0.49402202329090394,0.004207500593950344,395379.72530796874,4.115737184804556,"(1,2)|(3)|(4)",fastlz,15760762,1.5237405399561266,12422048,1.9332812109565185,12442434,1.9301136739001388
hst_wfc3_ir_f32,Entropy_Min,4,-1.0,-1.0,-1.0,-1.0,(1)|(2)|(3)|(4),fastlz,15760762,1.5237405399561266,12442423,1.930115380259938,12442423,1.930115380259938
hst_wfc3_ir_f32,Frequency,2,0.7488730538958412,0.0009678720401253716,472671.71310602856,4.540627527568199,"(1,2,3)|(4)",fastlz,15760762,1.5237405399561266,12402720,1.9362939742250087,12442452,1.9301108816815207
hst_wfc3_ir_f32,Frequency,3,0.464639557432306,0.023569881145879754,31699383.14061313,6.315636606906921,"(1,2)|(3)|(4)",fastlz,15760762,1.5237405399561266,12422048,1.9332812109565185,12442434,1.9301136739001388
hst_wfc3_ir_f32,Frequency,4,-1.0,-1.0,-1.0,-1.0,(1)|(2)|(3)|(4),fastlz,15760762,1.5237405399561266,12442423,1.930115380259938,12442423,1.930115380259938
hst_wfc3_ir_f32,All_Features,2,0.736087602239918,0.012300523537014742,2937.4410593610028,2.6881883668524686,"(1,2,3)|(4)",fastlz,15760762,1.5237405399561266,12402720,1.9362939742250087,12442452,1.9301108816815207
hst_wfc3_ir_f32,All_Features,3,0.4989105567077067,0.000736262785029061,206384252.1700691,7.880017214392822,"(1,2)|(3)|(4)",fastlz,15760762,1.5237405399561266,12422048,1.9332812109565185,12442434,1.9301136739001388
hst_wfc3_ir_f32,All_Features,4,-1.0,-1.0,-1.0,-1.0,(1)|(2)|(3)|(4),fastlz,15760762,1.5237405399561266,12442423,1.930115380259938,12442423,1.930115380259938
ts_gas_f32,Entropy,2,0.7463136098307395,0.002785929833448649,52356.07805454476,3.8547975892649613,"(1,2,3)|(4)",fastlz,180721828,1.7012488386294986,165667454,1.8558430915465147,184582466,1.6656663369098124
ts_gas_f32,Entropy,3,0.3175418057684657,0.11820850365958314,152740.71852037864,3.1401378639251907,"(1,3)|(2)|(4)",fastlz,180721828,1.7012488386294986,186348781,1.6498782463191966,184584001,1.6656524852335388
ts_gas_f32,Entropy,4,-1.0,-1.0,-1.0,-1.0,(1)|(2)|(3)|(4),fastlz,180721828,1.7012488386294986,184582562,1.6656654706092984,184582562,1.6656654706092984
ts_gas_f32,Entropy_Mean,2,0.7056879426415399,0.038111382733305416,305.7068834611987,0.9093850923322282,"(1,2,3)|(4)",fastlz,180721828,1.7012488386294986,165667454,1.8558430915465147,184582466,1.6656663369098124
ts_gas_f32,Entropy_Mean,3,0.48240637417859583,0.012214217501798548,82968.68998474562,2.2441805171708404,"(1,2)|(3)|(4)",fastlz,180721828,1.7012488386294986,180677457,1.7016666334859916,184581309,1.6656767777066745
ts_gas_f32,Entropy_Mean,4,-1.0,-1.0,-1.0,-1.0,(1)|(2)|(3)|(4),fastlz,180721828,1.7012488386294986,184582562,1.6656654706092984,184582562,1.6656654706092984
ts_gas_f32,Entropy_Std,2,0.44886746396670074,0.2718773754284163,6.012705483048164,-0.38053188285904715,"(1,2,3)|(4)",fastlz,180721828,1.7012488386294986,165667454,1.8558430915465147,184582466,1.6656663369098124
ts_gas_f32,Entropy_Std,3,0.4989587007863666,0.0009609129356424649,615813.0032279663,4.231129707185783,"(1,2)|(3)|(4)",fastlz,180721828,1.7012488386294986,180677457,1.7016666334859916,184581309,1.6656767777066745
ts_gas_f32,Entropy_Std,4,-1.0,-1.0,-1.0,-1.0,(1)|(2)|(3)|(4),fastlz,180721828,1.7012488386294986,184582562,1.6656654706092984,184582562,1.6656654706092984
ts_gas_f32,Entropy_Max,2,0.7382752055222958,0.010272291739290102,4210.510994336718,2.4981762213832437,"(1,2,3)|(4)",fastlz,180721828,1.7012488386294986,165667454,1.8558430915465147,184582466,1.6656663369098124
ts_gas_f32,Entropy_Max,3,0.48934032973231356,0.0071871268540433,3091141.279633768,5.006726968481156,"(1,2)|(3)|(4)",fastlz,180721828,1.7012488386294986,180677457,1.7016666334859916,184581309,1.6656767777066745
ts_gas_f32,Entropy_Max,4,-1.0,-1.0,-1.0,-1.0,(1)|(2)|(3)|(4),fastlz,180721828,1.7012488386294986,184582562,1.6656654706092984,184582562,1.6656654706092984
ts_gas_f32,Entropy_Min,2,0.8953382155379656,0.10354211461790495,93.40914920614013,-0.085667764208184,"(1,2)|(3,4)",fastlz,180721828,1.7012488386294986,200106947,1.5364424104676386,184537471,1.6660724693685653
ts_gas_f32,Entropy_Min,3,0.4999170994611681,7.771836881244501e-05,46226830.560918726,6.408835086827377,"(1,2)|(3)|(4)",fastlz,180721828,1.7012488386294986,180677457,1.7016666334859916,184581309,1.6656767777066745
ts_gas_f32,Entropy_Min,4,-1.0,-1.0,-1.0,-1.0,(1)|(2)|(3)|(4),fastlz,180721828,1.7012488386294986,184582562,1.6656654706092984,184582562,1.6656654706092984
ts_gas_f32,Frequency,2,0.7421603694411585,0.006174904250271655,11119.407853064462,2.638308827392404,"(1,2,3)|(4)",fastlz,180721828,1.7012488386294986,165667454,1.8558430915465147,184582466,1.6656663369098124
ts_gas_f32,Frequency,3,0.37107194838773866,0.08515368577002846,60373.488685259894,2.948938248674599,"(1,2)|(3)|(4)",fastlz,180721828,1.7012488386294986,180677457,1.7016666334859916,184581309,1.6656767777066745
ts_gas_f32,Frequency,4,-1.0,-1.0,-1.0,-1.0,(1)|(2)|(3)|(4),fastlz,180721828,1.7012488386294986,184582562,1.6656654706092984,184582562,1.6656654706092984
ts_gas_f32,All_Features,2,0.6152304346036875,0.11842471493243759,31.691327449316564,0.7434629397848336,"(1,2,3)|(4)",fastlz,180721828,1.7012488386294986,165667454,1.8558430915465147,184582466,1.6656663369098124
ts_gas_f32,All_Features,3,0.49614880977978615,0.0028983285526959445,189304.1146130336,4.763079756021172,"(1,2)|(3)|(4)",fastlz,180721828,1.7012488386294986,180677457,1.7016666334859916,184581309,1.6656767777066745
ts_gas_f32,All_Features,4,-1.0,-1.0,-1.0,-1.0,(1)|(2)|(3)|(4),fastlz,180721828,1.7012488386294986,184582562,1.6656654706092984,184582562,1.6656654706092984
solar_wind_f32,Entropy,2,0.42681066500981807,0.528005542049196,6.898876789907522,-1.3751843864297786,"(1,4)|(2,3)",fastlz,400856912,1.0576854815465924,405545343,1.0454577849757234,350569811,1.2094040122582033
solar_wind_f32,Entropy,3,0.15807111148275949,0.2596453801510898,6.723008558941019,-1.5713812582128754,"(1,4)|(2)|(3)",fastlz,400856912,1.0576854815465924,405641304,1.045210465056586,350557713,1.209445749664621
solar_wind_f32,Entropy,4,-1.0,-1.0,-1.0,-1.0,(1)|(2)|(3)|(4),fastlz,400856912,1.0576854815465924,350557305,1.209447157291445,350557305,1.209447157291445
solar_wind_f32,Entropy_Mean,2,0.4214090963277462,0.5338861532557473,6.84186150431941,-0.9763957349686859,"(1,4)|(2,3)",fastlz,400856912,1.0576854815465924,405545343,1.0454577849757234,350569811,1.2094040122582033
solar_wind_f32,Entropy_Mean,3,0.13682630979772945,0.2736491891652215,5.923383471471739,-1.8695577723444892,"(1,4)|(2)|(3)",fastlz,400856912,1.0576854815465924,405641304,1.045210465056586,350557713,1.209445749664621
solar_wind_f32,Entropy_Mean,4,-1.0,-1.0,-1.0,-1.0,(1)|(2)|(3)|(4),fastlz,400856912,1.0576854815465924,350557305,1.209447157291445,350557305,1.209447157291445
solar_wind_f32,Entropy_Std,2,0.321557435461347,0.319457105766316,4.140820802510926,-0.793272290069476,"(1,2,3)|(4)",fastlz,400856912,1.0576854815465924,344945930,1.229121723511856,350574887,1.2093865012070872
solar_wind_f32,Entropy_Std,3,0.3535537641866546,0.1289226661935736,30.710144643016257,-0.5835464711549712,"(1,2)|(3)|(4)",fastlz,400856912,1.0576854815465924,338214208,1.2535858221544613,350569680,1.2094044641852655
solar_wind_f32,Entropy_Std,4,-1.0,-1.0,-1.0,-1.0,(1)|(2)|(3)|(4),fastlz,400856912,1.0576854815465924,350557305,1.209447157291445,350557305,1.209447157291445
solar_wind_f32,Entropy_Max,2,0.4119177555299479,0.5410723287902934,6.646226363049632,-0.9570329960573893,"(1,4)|(2,3)",fastlz,400856912,1.0576854815465924,405545343,1.0454577849757234,350569811,1.2094040122582033
solar_wind_f32,Entropy_Max,3,0.13059835081423962,0.27665176666119823,5.903774721543469,-1.074216808650553,"(1,4)|(2)|(3)",fastlz,400856912,1.0576854815465924,405641304,1.045210465056586,350557713,1.209445749664621
solar_wind_f32,Entropy_Max,4,-1.0,-1.0,-1.0,-1.0,(1)|(2)|(3)|(4),fastlz,400856912,1.0576854815465924,350557305,1.209447157291445,350557305,1.209447157291445
solar_wind_f32,Entropy_Min,2,0.27678765228100977,0.28501750173596585,4.325346877861481,-0.7360489496097004,"(1,2,4)|(3)",fastlz,400856912,1.0576854815465924,375795224,1.1282222575558862,350568199,1.20940957339944
solar_wind_f32,Entropy_Min,3,0.1286613057361209,0.27888834568358706,7.051075691382967,-1.5447876637015532,"(1,2)|(4)|(3)",fastlz,400856912,1.0576854815465924,338214208,1.2535858221544613,350569680,1.2094044641852655
solar_wind_f32,Entropy_Min,4,-1.0,-1.0,-1.0,-1.0,(1)|(2)|(3)|(4),fastlz,400856912,1.0576854815465924,350557305,1.209447157291445,350557305,1.209447157291445
solar_wind_f32,Frequency,2,0.3373195567729277,0.2960098603854791,4.675412429198599,-0.6532444084336566,"(1,2,3)|(4)",fastlz,400856912,1.0576854815465924,344945930,1.229121723511856,350574887,1.2093865012070872
solar_wind_f32,Frequency,3,0.31476764184049444,0.1601449224646233,20.828153692796842,-0.8533771844497773,"(1,2)|(3)|(4)",fastlz,400856912,1.0576854815465924,338214208,1.2535858221544613,350569680,1.2094044641852655
solar_wind_f32,Frequency,4,-1.0,-1.0,-1.0,-1.0,(1)|(2)|(3)|(4),fastlz,400856912,1.0576854815465924,350557305,1.209447157291445,350557305,1.209447157291445
solar_wind_f32,All_Features,2,0.26666243306067394,0.2844064115383035,4.26329568056142,0.08279874865045483,"(1,2,4)|(3)",fastlz,400856912,1.0576854815465924,375795224,1.1282222575558862,350568199,1.20940957339944
solar_wind_f32,All_Features,3,0.08364262675460023,0.30344314753155266,6.012508297573131,-0.4750073032996769,"(1,2)|(4)|(3)",fastlz,400856912,1.0576854815465924,338214208,1.2535858221544613,350569680,1.2094044641852655
solar_wind_f32,All_Features,4,-1.0,-1.0,-1.0,-1.0,(1)|(2)|(3)|(4),fastlz,400856912,1.0576854815465924,350557305,1.209447157291445,350557305,1.209447157291445
acs_wht_f32,Entropy,2,0.6740516413529783,0.06547539764722744,103.67193201471592,0.3102859948734942,"(1,2,3)|(4)",fastlz,193331844,1.1638020687373156,155425604,1.4476379322933177,155526296,1.4467006916952487
acs_wht_f32,Entropy,3,0.4999808422704213,1.3668641664842915e-05,23993192029.86124,9.084033333463099,"(1,2)|(3)|(4)",fastlz,193331844,1.1638020687373156,155475540,1.4471729765338008,155526040,1.4467030730030803
acs_wht_f32,Entropy,4,-1.0,-1.0,-1.0,-1.0,(1)|(2)|(3)|(4),fastlz,193331844,1.1638020687373156,155525983,1.4467036032172194,155525983,1.4467036032172194
acs_wht_f32,Entropy_Mean,2,0.661993035237614,0.07543472053115244,78.10429384228318,0.4010898119509424,"(1,2,3)|(4)",fastlz,193331844,1.1638020687373156,155425604,1.4476379322933177,155526296,1.4467006916952487
acs_wht_f32,Entropy_Mean,3,0.4999859033255195,1.0152655309966503e-05,33592703595.779778,9.53381934591291,"(1,2)|(3)|(4)",fastlz,193331844,1.1638020687373156,155475540,1.4471729765338008,155526040,1.4467030730030803
acs_wht_f32,Entropy_Mean,4,-1.0,-1.0,-1.0,-1.0,(1)|(2)|(3)|(4),fastlz,193331844,1.1638020687373156,155525983,1.4467036032172194,155525983,1.4467036032172194
acs_wht_f32,Entropy_Std,2,0.6467851211369042,0.08779877285352672,57.65547966719297,0.3974356075326926,"(1,2,3)|(4)",fastlz,193331844,1.1638020687373156,155425604,1.4476379322933177,155526296,1.4467006916952487
acs_wht_f32,Entropy_Std,3,0.4999809916708666,1.3846570460772134e-05,13758859943.950663,9.00160817542314,"(1,2)|(3)|(4)",fastlz,193331844,1.1638020687373156,155475540,1.4471729765338008,155526040,1.4467030730030803
acs_wht_f32,Entropy_Std,4,-1.0,-1.0,-1.0,-1.0,(1)|(2)|(3)|(4),fastlz,193331844,1.1638020687373156,155525983,1.4467036032172194,155525983,1.4467036032172194
acs_wht_f32,Entropy_Max,2,0.7382218790019699,0.010403020580398287,4106.684925906898,2.160128318583777,"(1,2,3)|(4)",fastlz,193331844,1.1638020687373156,155425604,1.4476379322933177,155526296,1.4467006916952487
acs_wht_f32,Entropy_Max,3,0.4976520494467599,0.0015834691719350117,62109162.50472362,6.5435585124477935,"(1,2)|(3)|(4)",fastlz,193331844,1.1638020687373156,155475540,1.4471729765338008,155526040,1.4467030730030803
acs_wht_f32,Entropy_Max,4,-1.0,-1.0,-1.0,-1.0,(1)|(2)|(3)|(4),fastlz,193331844,1.1638020687373156,155525983,1.4467036032172194,155525983,1.4467036032172194
acs_wht_f32,Entropy_Min,2,-1.0,-1.0,-1.0,-1.0,"(1,2,3,4)",fastlz,193331844,1.1638020687373156,193331844,1.1638020687373156,155526598,1.446697882506245
acs_wht_f32,Entropy_Min,3,-1.0,-1.0,-1.0,-1.0,"(1,2,3,4)",fastlz,193331844,1.1638020687373156,193331844,1.1638020687373156,155526598,1.446697882506245
acs_wht_f32,Entropy_Min,4,-1.0,-1.0,-1.0,-1.0,(1)|(2)|(3)|(4),fastlz,193331844,1.1638020687373156,155525983,1.4467036032172194,155525983,1.4467036032172194
acs_wht_f32,Frequency,2,0.7348852208925825,0.01336271541968942,2489.0178100315898,2.0627835861179724,"(1,2,3)|(4)",fastlz,193331844,1.1638020687373156,155425604,1.4476379322933177,155526296,1.4467006916952487
acs_wht_f32,Frequency,3,0.4998277176792524,0.00011656437559046155,6993816621.464493,8.795284887196,"(1,2)|(3)|(4)",fastlz,193331844,1.1638020687373156,155475540,1.4471729765338008,155526040,1.4467030730030803
acs_wht_f32,Frequency,4,-1.0,-1.0,-1.0,-1.0,(1)|(2)|(3)|(4),fastlz,193331844,1.1638020687373156,155525983,1.4467036032172194,155525983,1.4467036032172194
acs_wht_f32,All_Features,2,0.6880880273802685,0.05404424838388474,152.16633636031207,0.9724229249580225,"(1,2,3)|(4)",fastlz,193331844,1.1638020687373156,155425604,1.4476379322933177,155526296,1.4467006916952487
acs_wht_f32,All_Features,3,0.4996796255182581,0.0002261595179677934,125167781.94853376,7.474309212689567,"(1,2)|(3)|(4)",fastlz,193331844,1.1638020687373156,155475540,1.4471729765338008,155526040,1.4467030730030803
acs_wht_f32,All_Features,4,-1.0,-1.0,-1.0,-1.0,(1)|(2)|(3)|(4),fastlz,193331844,1.1638020687373156,155525983,1.4467036032172194,155525983,1.4467036032172194
tpcds_store_f32,Entropy,2,0.7083148889199962,0.2854860612253027,24.201218283312592,-0.7592262717636001,"(2,3)|(1,4)",fastlz,248296103,1.1136540149403795,257463379,1.0740010990067834,239559575,1.154268002019957
tpcds_store_f32,Entropy,3,0.3467811890337237,0.13603726432327762,16.582369066431305,-0.9550306086531177,"(2,3)|(1)|(4)",fastlz,248296103,1.1136540149403795,238095099,1.1613676768709968,239560473,1.1542636752098916
tpcds_store_f32,Entropy,4,-1.0,-1.0,-1.0,-1.0,(1)|(2)|(3)|(4),fastlz,248296103,1.1136540149403795,239560492,1.1542635836630357,239560492,1.1542635836630357
tpcds_store_f32,Entropy_Mean,2,0.7079935680477354,0.2857882064838352,24.15112413681581,-1.0780535664057163,"(2,3)|(1,4)",fastlz,248296103,1.1136540149403795,257463379,1.0740010990067834,239559575,1.154268002019957
tpcds_store_f32,Entropy_Mean,3,0.3465503983395531,0.1362225889577164,16.541740633508443,-0.7704691789674629,"(2,3)|(1)|(4)",fastlz,248296103,1.1136540149403795,238095099,1.1613676768709968,239560473,1.1542636752098916
tpcds_store_f32,Entropy_Mean,4,-1.0,-1.0,-1.0,-1.0,(1)|(2)|(3)|(4),fastlz,248296103,1.1136540149403795,239560492,1.1542635836630357,239560492,1.1542635836630357
tpcds_store_f32,Entropy_Std,2,0.5218224382960168,0.15504889310396924,15.807194094595436,-0.01524174362806896,"(1,3,4)|(2)",fastlz,248296103,1.1136540149403795,257228169,1.074983167959338,239557163,1.154279623857459
tpcds_store_f32,Entropy_Std,3,0.2480122777292921,0.18326301409937948,30.205614830744995,-1.064646151499364,"(1,4)|(3)|(2)",fastlz,248296103,1.1136540149403795,258928772,1.067922849454521,239559594,1.1542679104724147
tpcds_store_f32,Entropy_Std,4,-1.0,-1.0,-1.0,-1.0,(1)|(2)|(3)|(4),fastlz,248296103,1.1136540149403795,239560492,1.1542635836630357,239560492,1.1542635836630357
tpcds_store_f32,Entropy_Max,2,0.7120291433224301,0.28194747769454603,24.73744279436664,-0.8769885263731926,"(2,3)|(1,4)",fastlz,248296103,1.1136540149403795,257463379,1.0740010990067834,239559575,1.154268002019957
tpcds_store_f32,Entropy_Max,3,0.3510236273626735,0.13244638853766774,17.48594789630712,-1.0731835674524661,"(2,3)|(1)|(4)",fastlz,248296103,1.1136540149403795,238095099,1.1613676768709968,239560473,1.1542636752098916
tpcds_store_f32,Entropy_Max,4,-1.0,-1.0,-1.0,-1.0,(1)|(2)|(3)|(4),fastlz,248296103,1.1136540149403795,239560492,1.1542635836630357,239560492,1.1542635836630357
tpcds_store_f32,Entropy_Min,2,0.7033006535400491,0.29024067784560204,23.485689992245145,-0.9185521574532955,"(2,3)|(1,4)",fastlz,248296103,1.1136540149403795,257463379,1.0740010990067834,239559575,1.154268002019957
tpcds_store_f32,Entropy_Min,3,0.34142925212265807,0.14051929907188573,15.560979462591334,-1.307801846442897,"(2,3)|(1)|(4)",fastlz,248296103,1.1136540149403795,238095099,1.1613676768709968,239560473,1.1542636752098916
tpcds_store_f32,Entropy_Min,4,-1.0,-1.0,-1.0,-1.0,(1)|(2)|(3)|(4),fastlz,248296103,1.1136540149403795,239560492,1.1542635836630357,239560492,1.1542635836630357
tpcds_store_f32,Frequency,2,0.4869411053823336,0.48286074409131813,8.552226394402147,-1.007006032885844,"(2,3)|(1,4)",fastlz,248296103,1.1136540149403795,257463379,1.0740010990067834,239559575,1.154268002019957
tpcds_store_f32,Frequency,3,0.16219187338298227,0.26471752926519043,5.4246917144347755,-1.5961976011919177,"(2,3)|(1)|(4)",fastlz,248296103,1.1136540149403795,238095099,1.1613676768709968,239560473,1.1542636752098916
tpcds_store_f32,Frequency,4,-1.0,-1.0,-1.0,-1.0,(1)|(2)|(3)|(4),fastlz,248296103,1.1136540149403795,239560492,1.1542635836630357,239560492,1.1542635836630357
tpcds_store_f32,All_Features,2,0.7077718615861707,0.28600096309132267,24.118078811569042,0.0673720019230048,"(2,3)|(1,4)",fastlz,248296103,1.1136540149403795,257463379,1.0740010990067834,239559575,1.154268002019957
tpcds_store_f32,All_Features,3,0.34633222110385176,0.1364072430899803,16.49839801735099,0.08127178582105904,"(2,3)|(1)|(4)",fastlz,248296103,1.1136540149403795,238095099,1.1613676768709968,239560473,1.1542636752098916
tpcds_store_f32,All_Features,4,-1.0,-1.0,-1.0,-1.0,(1)|(2)|(3)|(4),fastlz,248296103,1.1136540149403795,239560492,1.1542635836630357,239560492,1.1542635836630357
hst_wfc3_uvis_f32,Entropy,2,0.7461443879264001,0.0034148777159564232,38111.86078198561,3.5909719953383687,"(1,2,3)|(4)",fastlz,67706772,1.6087720147107294,60326760,1.8055794808141528,60400082,1.8033876179174724
hst_wfc3_uvis_f32,Entropy,3,0.4976795220689728,0.001552904453618974,589873072.0644331,8.077346622043024,"(1,2)|(3)|(4)",fastlz,67706772,1.6087720147107294,60364119,1.8044620182396764,60399973,1.8033908723767145
hst_wfc3_uvis_f32,Entropy,4,-1.0,-1.0,-1.0,-1.0,(1)|(2)|(3)|(4),fastlz,67706772,1.6087720147107294,60399878,1.8033937088415972,60399878,1.8033937088415972
hst_wfc3_uvis_f32,Entropy_Mean,2,0.7463296418873566,0.003251685176665715,42033.417665608365,3.80892380316551,"(1,2,3)|(4)",fastlz,67706772,1.6087720147107294,60326760,1.8055794808141528,60400082,1.8033876179174724
hst_wfc3_uvis_f32,Entropy_Mean,3,0.4978907628808503,0.0014112836872711627,787395786.9194733,7.412392241554916,"(1,2)|(3)|(4)",fastlz,67706772,1.6087720147107294,60364119,1.8044620182396764,60399973,1.8033908723767145
hst_wfc3_uvis_f32,Entropy_Mean,4,-1.0,-1.0,-1.0,-1.0,(1)|(2)|(3)|(4),fastlz,67706772,1.6087720147107294,60399878,1.8033937088415972,60399878,1.8033937088415972
hst_wfc3_uvis_f32,Entropy_Std,2,0.7464010763096256,0.003186997684735436,43756.778275436336,3.191720026621998,"(1,2,3)|(4)",fastlz,67706772,1.6087720147107294,60326760,1.8055794808141528,60400082,1.8033876179174724
hst_wfc3_uvis_f32,Entropy_Std,3,0.4974236654450651,0.001723688796357398,549406669.0012752,7.765968394000248,"(1,2)|(3)|(4)",fastlz,67706772,1.6087720147107294,60364119,1.8044620182396764,60399973,1.8033908723767145
hst_wfc3_uvis_f32,Entropy_Std,4,-1.0,-1.0,-1.0,-1.0,(1)|(2)|(3)|(4),fastlz,67706772,1.6087720147107294,60399878,1.8033937088415972,60399878,1.8033937088415972
hst_wfc3_uvis_f32,Entropy_Max,2,0.7462754021559446,0.003296325757226049,40901.99046874218,3.6916211116700124,"(1,2,3)|(4)",fastlz,67706772,1.6087720147107294,60326760,1.8055794808141528,60400082,1.8033876179174724
hst_wfc3_uvis_f32,Entropy_Max,3,0.4968667027540509,0.0020965717886650705,347218214.3462109,7.595874801175892,"(1,2)|(3)|(4)",fastlz,67706772,1.6087720147107294,60364119,1.8044620182396764,60399973,1.8033908723767145
hst_wfc3_uvis_f32,Entropy_Max,4,-1.0,-1.0,-1.0,-1.0,(1)|(2)|(3)|(4),fastlz,67706772,1.6087720147107294,60399878,1.8033937088415972,60399878,1.8033937088415972
hst_wfc3_uvis_f32,Entropy_Min,2,-1.0,-1.0,-1.0,-1.0,"(1,2,3,4)",fastlz,67706772,1.6087720147107294,67706772,1.6087720147107294,60400328,1.803380273034279
hst_wfc3_uvis_f32,Entropy_Min,3,-1.0,-1.0,-1.0,-1.0,"(1,2,3,4)",fastlz,67706772,1.6087720147107294,67706772,1.6087720147107294,60400328,1.803380273034279
hst_wfc3_uvis_f32,Entropy_Min,4,-1.0,-1.0,-1.0,-1.0,(1)|(2)|(3)|(4),fastlz,67706772,1.6087720147107294,60399878,1.8033937088415972,60399878,1.8033937088415972
hst_wfc3_uvis_f32,Frequency,2,0.7442968317379707,0.005024416728963263,17602.766897201323,2.9090212965429227,"(1,2,3)|(4)",fastlz,67706772,1.6087720147107294,60326760,1.8055794808141528,60400082,1.8033876179174724
hst_wfc3_uvis_f32,Frequency,3,0.4929232142080173,0.004744186780429483,29301214.4328358,5.799214852533314,"(1,2)|(3)|(4)",fastlz,67706772,1.6087720147107294,60364119,1.8044620182396764,60399973,1.8033908723767145
hst_wfc3_uvis_f32,Frequency,4,-1.0,-1.0,-1.0,-1.0,(1)|(2)|(3)|(4),fastlz,67706772,1.6087720147107294,60399878,1.8033937088415972,60399878,1.8033937088415972
hst_wfc3_uvis_f32,All_Features,2,0.7463030977042612,0.0032730146998938975,41488.228942748334,3.9493991922077005,"(1,2,3)|(4)",fastlz,67706772,1.6087720147107294,60326760,1.8055794808141528,60400082,1.8033876179174724
hst_wfc3_uvis_f32,All_Features,3,0.4972147721468023,0.001863644522130006,445708740.8614673,8.286455119859465,"(1,2)|(3)|(4)",fastlz,67706772,1.6087720147107294,60364119,1.8044620182396764,60399973,1.8033908723767145
hst_wfc3_uvis_f32,All_Features,4,-1.0,-1.0,-1.0,-1.0,(1)|(2)|(3)|(4),fastlz,67706772,1.6087720147107294,60399878,1.8033937088415972,60399878,1.8033937088415972
hdr_night_f32,Entropy,2,0.5620505278625185,0.15232036120688552,19.155855841099505,-0.20393215558460087,"(1,2,4)|(3)",fastlz,247882576,2.0048973188014636,205560234,2.4176811941165623,167526667,2.966567179421053
hdr_night_f32,Entropy,3,0.5,0.0,1.0,inf,"(1,2)|(4)|(3)",fastlz,247882576,2.0048973188014636,167536515,2.9663928009962484,167536519,2.966392730172459
hdr_night_f32,Entropy,4,-1.0,-1.0,-1.0,-1.0,(1)|(2)|(3)|(4),fastlz,247882576,2.0048973188014636,167536535,2.9663924468773333,167536535,2.9663924468773333
hdr_night_f32,Entropy_Mean,2,0.5652047841354311,0.15005862371098416,19.737655476809394,-0.43385401640879545,"(1,2,4)|(3)",fastlz,247882576,2.0048973188014636,205560234,2.4176811941165623,167526667,2.966567179421053
hdr_night_f32,Entropy_Mean,3,0.5,0.0,1.0,inf,"(1,2)|(4)|(3)",fastlz,247882576,2.0048973188014636,167536515,2.9663928009962484,167536519,2.966392730172459
hdr_night_f32,Entropy_Mean,4,-1.0,-1.0,-1.0,-1.0,(1)|(2)|(3)|(4),fastlz,247882576,2.0048973188014636,167536535,2.9663924468773333,167536535,2.9663924468773333
hdr_night_f32,Entropy_Std,2,0.9113255839994283,0.0879879099951464,129.16772074806624,-0.34259162449306846,"(1,2)|(3,4)",fastlz,247882576,2.0048973188014636,227759230,2.1820371977899646,167527735,2.9665482673659977
hdr_night_f32,Entropy_Std,3,0.5,0.0,1.0,inf,"(1,2)|(3)|(4)",fastlz,247882576,2.0048973188014636,167536515,2.9663928009962484,167536519,2.966392730172459
hdr_night_f32,Entropy_Std,4,-1.0,-1.0,-1.0,-1.0,(1)|(2)|(3)|(4),fastlz,247882576,2.0048973188014636,167536535,2.9663924468773333,167536535,2.9663924468773333
hdr_night_f32,Entropy_Max,2,0.5341392480824999,0.1718459095425222,15.050089540285798,-0.5475803762772655,"(1,2,4)|(3)",fastlz,247882576,2.0048973188014636,205560234,2.4176811941165623,167526667,2.966567179421053
hdr_night_f32,Entropy_Max,3,0.5,0.0,1.0,inf,"(1,2)|(4)|(3)",fastlz,247882576,2.0048973188014636,167536515,2.9663928009962484,167536519,2.966392730172459
hdr_night_f32,Entropy_Max,4,-1.0,-1.0,-1.0,-1.0,(1)|(2)|(3)|(4),fastlz,247882576,2.0048973188014636,167536535,2.9663924468773333,167536535,2.9663924468773333
hdr_night_f32,Entropy_Min,2,0.5804788129285618,0.13894941992572366,23.0199303758956,-0.28482687894288794,"(1,2,4)|(3)",fastlz,247882576,2.0048973188014636,205560234,2.4176811941165623,167526667,2.966567179421053
hdr_night_f32,Entropy_Min,3,0.5,0.0,1.0,inf,"(1,2)|(4)|(3)",fastlz,247882576,2.0048973188014636,167536515,2.9663928009962484,167536519,2.966392730172459
hdr_night_f32,Entropy_Min,4,-1.0,-1.0,-1.0,-1.0,(1)|(2)|(3)|(4),fastlz,247882576,2.0048973188014636,167536535,2.9663924468773333,167536535,2.9663924468773333
hdr_night_f32,Frequency,2,0.6796382344232144,0.2928813064309438,11.657802508924233,-1.1924118780618258,"(1,2)|(3,4)",fastlz,247882576,2.0048973188014636,227759230,2.1820371977899646,167527735,2.9665482673659977
hdr_night_f32,Frequency,3,0.5,0.0,1.0,inf,"(1,2)|(3)|(4)",fastlz,247882576,2.0048973188014636,167536515,2.9663928009962484,167536519,2.966392730172459
hdr_night_f32,Frequency,4,-1.0,-1.0,-1.0,-1.0,(1)|(2)|(3)|(4),fastlz,247882576,2.0048973188014636,167536535,2.9663924468773333,167536535,2.9663924468773333
hdr_night_f32,All_Features,2,0.5585306221359434,0.15493960689385708,18.513677749716823,0.4834309277890171,"(1,2,4)|(3)",fastlz,247882576,2.0048973188014636,205560234,2.4176811941165623,167526667,2.966567179421053
hdr_night_f32,All_Features,3,0.5,2.4484104051439586e-08,1.0,inf,"(1,2)|(4)|(3)",fastlz,247882576,2.0048973188014636,167536515,2.9663928009962484,167536519,2.966392730172459
hdr_night_f32,All_Features,4,-1.0,-1.0,-1.0,-1.0,(1)|(2)|(3)|(4),fastlz,247882576,2.0048973188014636,167536535,2.9663924468773333,167536535,2.9663924468773333
wave_f32,Entropy,2,0.7472979315506536,0.002399497591337943,77192.80799287299,3.269767998722717,"(1,2,3)|(4)",fastlz,520518985,1.0314146601204182,399638448,1.3433915447494682,344340397,1.5591284574141906
wave_f32,Entropy,3,0.49993217330762496,4.535627937838571e-05,1397460366957.2673,10.860644111807332,"(1,2)|(3)|(4)",fastlz,520518985,1.0314146601204182,352495052,1.5230594272284992,344340414,1.5591283804404092
wave_f32,Entropy,4,-1.0,-1.0,-1.0,-1.0,(1)|(2)|(3)|(4),fastlz,520518985,1.0314146601204182,344340433,1.5591282944108977,344340433,1.5591282944108977
wave_f32,Entropy_Mean,2,0.7430706812210703,0.006095633356359076,11958.95080246383,2.7882787676958607,"(1,2,3)|(4)",fastlz,520518985,1.0314146601204182,399638448,1.3433915447494682,344340397,1.5591284574141906
wave_f32,Entropy_Mean,3,0.4918402014884694,0.005476635637444077,14975113.730939794,6.0391536009003115,"(1,2)|(3)|(4)",fastlz,520518985,1.0314146601204182,352495052,1.5230594272284992,344340414,1.5591283804404092
wave_f32,Entropy_Mean,4,-1.0,-1.0,-1.0,-1.0,(1)|(2)|(3)|(4),fastlz,520518985,1.0314146601204182,344340433,1.5591282944108977,344340433,1.5591282944108977
wave_f32,Entropy_Std,2,0.6626355504945625,0.0745340094115223,79.9954952601915,0.20909353324380486,"(1,2,3)|(4)",fastlz,520518985,1.0314146601204182,399638448,1.3433915447494682,344340397,1.5591284574141906
wave_f32,Entropy_Std,3,0.49425594337043166,0.00413333124302951,207129.4790090172,3.5790008956100046,"(1,2)|(3)|(4)",fastlz,520518985,1.0314146601204182,352495052,1.5230594272284992,344340414,1.5591283804404092
wave_f32,Entropy_Std,4,-1.0,-1.0,-1.0,-1.0,(1)|(2)|(3)|(4),fastlz,520518985,1.0314146601204182,344340433,1.5591282944108977,344340433,1.5591282944108977
wave_f32,Entropy_Max,2,0.7473161229886115,0.0023650756889747582,79441.52994086058,3.545843469741078,"(1,2,3)|(4)",fastlz,520518985,1.0314146601204182,399638448,1.3433915447494682,344340397,1.5591284574141906
wave_f32,Entropy_Max,3,0.4921732685403625,0.005231359225483207,108105902.15953276,6.4250732047393315,"(1,2)|(3)|(4)",fastlz,520518985,1.0314146601204182,352495052,1.5230594272284992,344340414,1.5591283804404092
wave_f32,Entropy_Max,4,-1.0,-1.0,-1.0,-1.0,(1)|(2)|(3)|(4),fastlz,520518985,1.0314146601204182,344340433,1.5591282944108977,344340433,1.5591282944108977
wave_f32,Entropy_Min,2,0.7167117364742434,0.02906914678152602,525.9052734804276,1.4869977331690682,"(1,2,3)|(4)",fastlz,520518985,1.0314146601204182,399638448,1.3433915447494682,344340397,1.5591284574141906
wave_f32,Entropy_Min,3,0.49409748379177354,0.004060809437041668,1262920.032679566,3.924294472092707,"(1,2)|(3)|(4)",fastlz,520518985,1.0314146601204182,352495052,1.5230594272284992,344340414,1.5591283804404092
wave_f32,Entropy_Min,4,-1.0,-1.0,-1.0,-1.0,(1)|(2)|(3)|(4),fastlz,520518985,1.0314146601204182,344340433,1.5591282944108977,344340433,1.5591282944108977
wave_f32,Frequency,2,0.7321785498181681,0.015709026790784727,1800.99541466719,1.7793867883457528,"(1,2,3)|(4)",fastlz,520518985,1.0314146601204182,399638448,1.3433915447494682,344340397,1.5591284574141906
wave_f32,Frequency,3,0.4977985687777333,0.0014932483121452413,31003708.81292605,6.166989731158023,"(1,2)|(3)|(4)",fastlz,520518985,1.0314146601204182,352495052,1.5230594272284992,344340414,1.5591283804404092
wave_f32,Frequency,4,-1.0,-1.0,-1.0,-1.0,(1)|(2)|(3)|(4),fastlz,520518985,1.0314146601204182,344340433,1.5591282944108977,344340433,1.5591282944108977
wave_f32,All_Features,2,0.7271757437487738,0.020048014870398558,1105.678389148944,2.25948303600888,"(1,2,3)|(4)",fastlz,520518985,1.0314146601204182,399638448,1.3433915447494682,344340397,1.5591284574141906
wave_f32,All_Features,3,0.4940150738291932,0.004078755633436942,2577462.2789967926,5.845392171684933,"(1,2)|(3)|(4)",fastlz,520518985,1.0314146601204182,352495052,1.5230594272284992,344340414,1.5591283804404092
wave_f32,All_Features,4,-1.0,-1.0,-1.0,-1.0,(1)|(2)|(3)|(4),fastlz,520518985,1.0314146601204182,344340433,1.5591282944108977,344340433,1.5591282944108977
tpcds_catalog_f32,Entropy,2,0.7244459208997693,0.2669308209072623,22.49533152219773,-0.4515954324329386,"(2,3)|(1,4)",fastlz,166599987,1.0372358552464953,168233196,1.0271663625768603,150052521,1.15161997178308
tpcds_catalog_f32,Entropy,3,0.41563209127499123,0.07447116414338643,60.09092162382282,-0.08602585183965239,"(2,3)|(1)|(4)",fastlz,166599987,1.0372358552464953,150055546,1.1515967560439253,150055546,1.1515967560439253
tpcds_catalog_f32,Entropy,4,-1.0,-1.0,-1.0,-1.0,(1)|(2)|(3)|(4),fastlz,166599987,1.0372358552464953,150055569,1.151596579531147,150055569,1.151596579531147
tpcds_catalog_f32,Entropy_Mean,2,0.72425754542635,0.26710431411947716,22.468916700369643,-0.8740933501140953,"(2,3)|(1,4)",fastlz,166599987,1.0372358552464953,168233196,1.0271663625768603,150052521,1.15161997178308
tpcds_catalog_f32,Entropy_Mean,3,0.41553818407927323,0.0745486628421554,59.98043220265415,-0.8184762234330101,"(2,3)|(1)|(4)",fastlz,166599987,1.0372358552464953,150055546,1.1515967560439253,150055546,1.1515967560439253
tpcds_catalog_f32,Entropy_Mean,4,-1.0,-1.0,-1.0,-1.0,(1)|(2)|(3)|(4),fastlz,166599987,1.0372358552464953,150055569,1.151596579531147,150055569,1.151596579531147
tpcds_catalog_f32,Entropy_Std,2,0.44476262327472543,0.5055848610717116,6.942453095096182,-1.2736511252289482,"(1,3)|(2,4)",fastlz,166599987,1.0372358552464953,172796639,1.0000395898904029,150057958,1.1515782455203076
tpcds_catalog_f32,Entropy_Std,3,0.2362324189591285,0.205450663634241,11.664896537937263,-1.6884917627575335,"(1,3)|(2)|(4)",fastlz,166599987,1.0372358552464953,150426133,1.1487597038740602,150055665,1.1515958427827433
tpcds_catalog_f32,Entropy_Std,4,-1.0,-1.0,-1.0,-1.0,(1)|(2)|(3)|(4),fastlz,166599987,1.0372358552464953,150055569,1.151596579531147,150055569,1.151596579531147
tpcds_catalog_f32,Entropy_Max,2,0.7280249954811389,0.2635188668500678,22.873445211791687,-1.320369644584911,"(2,3)|(1,4)",fastlz,166599987,1.0372358552464953,168233196,1.0271663625768603,150052521,1.15161997178308
tpcds_catalog_f32,Entropy_Max,3,0.41873063984542913,0.07181217606297834,64.47186397768209,-1.1398239057062367,"(2,3)|(1)|(4)",fastlz,166599987,1.0372358552464953,150055546,1.1515967560439253,150055546,1.1515967560439253
tpcds_catalog_f32,Entropy_Max,4,-1.0,-1.0,-1.0,-1.0,(1)|(2)|(3)|(4),fastlz,166599987,1.0372358552464953,150055569,1.151596579531147,150055569,1.151596579531147
tpcds_catalog_f32,Entropy_Min,2,0.7199467096939691,0.27127543683240307,22.09281922499712,-1.3435693879243755,"(2,3)|(1,4)",fastlz,166599987,1.0372358552464953,168233196,1.0271663625768603,150052521,1.15161997178308
tpcds_catalog_f32,Entropy_Min,3,0.41101949217724254,0.07844834265231139,54.2486075875819,-0.8715043321601927,"(2,3)|(1)|(4)",fastlz,166599987,1.0372358552464953,150055546,1.1515967560439253,150055546,1.1515967560439253
tpcds_catalog_f32,Entropy_Min,4,-1.0,-1.0,-1.0,-1.0,(1)|(2)|(3)|(4),fastlz,166599987,1.0372358552464953,150055569,1.151596579531147,150055569,1.151596579531147
tpcds_catalog_f32,Frequency,2,0.4127919351761699,0.23053968591312504,7.957712322529603,-0.5155474523705861,"(1,2,3)|(4)",fastlz,166599987,1.0372358552464953,149475435,1.156066078683765,150055642,1.1515960192952959
tpcds_catalog_f32,Frequency,3,0.3675724025356607,0.10597991467029565,50.952433171846955,-0.376407439428041,"(2,3)|(1)|(4)",fastlz,166599987,1.0372358552464953,150055546,1.1515967560439253,150055546,1.1515967560439253
tpcds_catalog_f32,Frequency,4,-1.0,-1.0,-1.0,-1.0,(1)|(2)|(3)|(4),fastlz,166599987,1.0372358552464953,150055569,1.151596579531147,150055569,1.151596579531147
tpcds_catalog_f32,All_Features,2,0.7240364120592289,0.26734212720800304,22.474012954498832,0.2241228282522717,"(2,3)|(1,4)",fastlz,166599987,1.0372358552464953,168233196,1.0271663625768603,150052521,1.15161997178308
tpcds_catalog_f32,All_Features,3,0.41505054984680717,0.07498040613909995,59.27076202397161,0.6411632386767583,"(2,3)|(1)|(4)",fastlz,166599987,1.0372358552464953,150055546,1.1515967560439253,150055546,1.1515967560439253
tpcds_catalog_f32,All_Features,4,-1.0,-1.0,-1.0,-1.0,(1)|(2)|(3)|(4),fastlz,166599987,1.0372358552464953,150055569,1.151596579531147,150055569,1.151596579531147
tpcds_web_f32,Entropy,2,0.7230099474464678,0.2679912470945779,22.01256081972803,-0.7400338432934006,"(2,3)|(1,4)",fastlz,83388359,1.0355740421753592,84076909,1.027093182029325,74927830,1.1525066187022899
tpcds_web_f32,Entropy,3,0.41789115961768364,0.07238768209861023,64.03453692850465,-0.27885610435648034,"(2,3)|(1)|(4)",fastlz,83388359,1.0355740421753592,74929284,1.152484254353745,74929284,1.152484254353745
tpcds_web_f32,Entropy,4,-1.0,-1.0,-1.0,-1.0,(1)|(2)|(3)|(4),fastlz,83388359,1.0355740421753592,74929307,1.1524839005917937,74929307,1.1524839005917937
tpcds_web_f32,Entropy_Mean,2,0.722809883799028,0.2681751000950096,21.98554668047311,-0.8966700330387832,"(2,3)|(1,4)",fastlz,83388359,1.0355740421753592,84076909,1.027093182029325,74927830,1.1525066187022899
tpcds_web_f32,Entropy_Mean,3,0.41779169873122524,0.0724698585657567,63.90580672960315,-0.13748712991257528,"(2,3)|(1)|(4)",fastlz,83388359,1.0355740421753592,74929284,1.152484254353745,74929284,1.152484254353745
tpcds_web_f32,Entropy_Mean,4,-1.0,-1.0,-1.0,-1.0,(1)|(2)|(3)|(4),fastlz,83388359,1.0355740421753592,74929307,1.1524839005917937,74929307,1.1524839005917937
tpcds_web_f32,Entropy_Std,2,0.3901717889472349,0.22293799197387595,7.001181565655158,-0.5738646776616143,"(1,3,4)|(2)",fastlz,83388359,1.0355740421753592,85686951,1.007794290638256,74930059,1.1524723342337153
tpcds_web_f32,Entropy_Std,3,0.1650389194892877,0.24621865959216027,9.866602783924726,-0.9427696131471901,"(1,3)|(4)|(2)",fastlz,83388359,1.0355740421753592,75098013,1.1498948713862776,74929430,1.1524820087380887
tpcds_web_f32,Entropy_Std,4,-1.0,-1.0,-1.0,-1.0,(1)|(2)|(3)|(4),fastlz,83388359,1.0355740421753592,74929307,1.1524839005917937,74929307,1.1524839005917937
tpcds_web_f32,Entropy_Max,2,0.7260267021532534,0.26506342864519883,22.255592673005147,-0.5823231502239845,"(2,3)|(1,4)",fastlz,83388359,1.0355740421753592,84076909,1.027093182029325,74927830,1.1525066187022899
tpcds_web_f32,Entropy_Max,3,0.42111561759460825,0.06959635001474639,69.20622850319731,-0.6676076625795255,"(2,3)|(1)|(4)",fastlz,83388359,1.0355740421753592,74929284,1.152484254353745,74929284,1.152484254353745
tpcds_web_f32,Entropy_Max,4,-1.0,-1.0,-1.0,-1.0,(1)|(2)|(3)|(4),fastlz,83388359,1.0355740421753592,74929307,1.1524839005917937,74929307,1.1524839005917937
tpcds_web_f32,Entropy_Min,2,0.7190275704937357,0.27175130454842295,21.588720050145486,-0.6929659297274942,"(2,3)|(1,4)",fastlz,83388359,1.0355740421753592,84076909,1.027093182029325,74927830,1.1525066187022899
tpcds_web_f32,Entropy_Min,3,0.4147553483445776,0.07505779537296041,59.750035869078516,-0.49355896691429657,"(2,3)|(1)|(4)",fastlz,83388359,1.0355740421753592,74929284,1.152484254353745,74929284,1.152484254353745
tpcds_web_f32,Entropy_Min,4,-1.0,-1.0,-1.0,-1.0,(1)|(2)|(3)|(4),fastlz,83388359,1.0355740421753592,74929307,1.1524839005917937,74929307,1.1524839005917937
tpcds_web_f32,Frequency,2,0.420199014107035,0.2277627709163913,8.217154288072868,-0.6710811628770452,"(1,2,3)|(4)",fastlz,83388359,1.0355740421753592,74702314,1.1559858774923626,74929408,1.15248234711797
tpcds_web_f32,Frequency,3,0.3790747456015743,0.09686344344857684,61.97074424928849,-0.5442819179027971,"(2,3)|(1)|(4)",fastlz,83388359,1.0355740421753592,74929284,1.152484254353745,74929284,1.152484254353745
tpcds_web_f32,Frequency,4,-1.0,-1.0,-1.0,-1.0,(1)|(2)|(3)|(4),fastlz,83388359,1.0355740421753592,74929307,1.1524839005917937,74929307,1.1524839005917937
tpcds_web_f32,All_Features,2,0.7225899650471201,0.268363126418695,21.93961339878389,-0.15029806349099195,"(2,3)|(1,4)",fastlz,83388359,1.0355740421753592,84076909,1.027093182029325,74927830,1.1525066187022899
tpcds_web_f32,All_Features,3,0.41785316523682114,0.0724076018283189,64.05195332903473,0.6012593010595367,"(2,3)|(1)|(4)",fastlz,83388359,1.0355740421753592,74929284,1.152484254353745,74929284,1.152484254353745
tpcds_web_f32,All_Features,4,-1.0,-1.0,-1.0,-1.0,(1)|(2)|(3)|(4),fastlz,83388359,1.0355740421753592,74929307,1.1524839005917937,74929307,1.1524839005917937
spitzer_irac_f32,Entropy,2,0.7472357364995479,0.002354730311433061,79720.32384084398,3.626169255416663,"(1,2,3)|(4)",fastlz,133739847,1.2336602717961835,122114892,1.3511008632755455,122200740,1.3501516930257542
spitzer_irac_f32,Entropy,3,0.45724910687568676,0.028523925898786745,3668237.7189620216,5.36353052812521,"(1,2)|(3)|(4)",fastlz,133739847,1.2336602717961835,122159649,1.350605845306579,122201116,1.3501475387507917
spitzer_irac_f32,Entropy,4,-1.0,-1.0,-1.0,-1.0,(1)|(2)|(3)|(4),fastlz,133739847,1.2336602717961835,122200884,1.3501501020238118,122200884,1.3501501020238118
spitzer_irac_f32,Entropy_Mean,2,0.747207760771357,0.0023855747499803215,77731.00411318548,3.7991903480376106,"(1,2,3)|(4)",fastlz,133739847,1.2336602717961835,122114892,1.3511008632755455,122200740,1.3501516930257542
spitzer_irac_f32,Entropy_Mean,3,0.4603494805449029,0.026462956089655685,4152655.3740128265,4.735669261203043,"(1,2)|(3)|(4)",fastlz,133739847,1.2336602717961835,122159649,1.350605845306579,122201116,1.3501475387507917
spitzer_irac_f32,Entropy_Mean,4,-1.0,-1.0,-1.0,-1.0,(1)|(2)|(3)|(4),fastlz,133739847,1.2336602717961835,122200884,1.3501501020238118,122200884,1.3501501020238118
spitzer_irac_f32,Entropy_Std,2,0.7471725939649853,0.0023752464098573873,78008.4166794901,3.7501199928238385,"(1,2,3)|(4)",fastlz,133739847,1.2336602717961835,122114892,1.3511008632755455,122200740,1.3501516930257542
spitzer_irac_f32,Entropy_Std,3,0.4424985163785906,0.03831032149649588,1998617.1112514827,4.971081752170596,"(1,2)|(3)|(4)",fastlz,133739847,1.2336602717961835,122159649,1.350605845306579,122201116,1.3501475387507917
spitzer_irac_f32,Entropy_Std,4,-1.0,-1.0,-1.0,-1.0,(1)|(2)|(3)|(4),fastlz,133739847,1.2336602717961835,122200884,1.3501501020238118,122200884,1.3501501020238118
spitzer_irac_f32,Entropy_Max,2,0.7469221733187026,0.0027232691930636627,59926.581950883745,3.814049000219143,"(1,2,3)|(4)",fastlz,133739847,1.2336602717961835,122114892,1.3511008632755455,122200740,1.3501516930257542
spitzer_irac_f32,Entropy_Max,3,0.49640602098817177,0.002403280121708025,386660447.00595015,7.302428390024897,"(1,2)|(3)|(4)",fastlz,133739847,1.2336602717961835,122159649,1.350605845306579,122201116,1.3501475387507917
spitzer_irac_f32,Entropy_Max,4,-1.0,-1.0,-1.0,-1.0,(1)|(2)|(3)|(4),fastlz,133739847,1.2336602717961835,122200884,1.3501501020238118,122200884,1.3501501020238118
spitzer_irac_f32,Entropy_Min,2,-1.0,-1.0,-1.0,-1.0,"(1,2,3,4)",fastlz,133739847,1.2336602717961835,133739847,1.2336602717961835,122203052,1.3501261490588632
spitzer_irac_f32,Entropy_Min,3,-1.0,-1.0,-1.0,-1.0,"(1,2,3,4)",fastlz,133739847,1.2336602717961835,133739847,1.2336602717961835,122203052,1.3501261490588632
spitzer_irac_f32,Entropy_Min,4,-1.0,-1.0,-1.0,-1.0,(1)|(2)|(3)|(4),fastlz,133739847,1.2336602717961835,122200884,1.3501501020238118,122200884,1.3501501020238118
spitzer_irac_f32,Frequency,2,0.749257535135655,0.0006057960749823912,1182796.9573035187,4.9371743228571905,"(1,2,3)|(4)",fastlz,133739847,1.2336602717961835,122114892,1.3511008632755455,122200740,1.3501516930257542
spitzer_irac_f32,Frequency,3,0.4100413254316959,0.05953534687188009,12671943.700946074,5.800009258014381,"(2,3)|(1)|(4)",fastlz,133739847,1.2336602717961835,122159209,1.3506107099956746,122200813,1.3501508864756897
spitzer_irac_f32,Frequency,4,-1.0,-1.0,-1.0,-1.0,(1)|(2)|(3)|(4),fastlz,133739847,1.2336602717961835,122200884,1.3501501020238118,122200884,1.3501501020238118
spitzer_irac_f32,All_Features,2,0.7470278133542249,0.0025741560820094107,67039.41986078591,4.030655137108086,"(1,2,3)|(4)",fastlz,133739847,1.2336602717961835,122114892,1.3511008632755455,122200740,1.3501516930257542
spitzer_irac_f32,All_Features,3,0.47396701139903025,0.017402520076408242,8263079.138926519,6.291471343870656,"(1,2)|(3)|(4)",fastlz,133739847,1.2336602717961835,122159649,1.350605845306579,122201116,1.3501475387507917
spitzer_irac_f32,All_Features,4,-1.0,-1.0,-1.0,-1.0,(1)|(2)|(3)|(4),fastlz,133739847,1.2336602717961835,122200884,1.3501501020238118,122200884,1.3501501020238118
turbulence_f32,Entropy,2,0.7475036839433088,0.0022170584603733064,90419.7270669557,4.041104276619087,"(1,2,3)|(4)",fastlz,67112979,0.999938685481388,57143820,1.1743853316071624,57143820,1.1743853316071624
turbulence_f32,Entropy,3,0.4999862068701637,9.061007551790656e-06,39558384724695.03,12.448931703899675,"(1,2)|(3)|(4)",fastlz,67112979,0.999938685481388,57143839,1.174384941130749,57143839,1.174384941130749
turbulence_f32,Entropy,4,-1.0,-1.0,-1.0,-1.0,(1)|(2)|(3)|(4),fastlz,67112979,0.999938685481388,57143858,1.1743845506545953,57143858,1.1743845506545953
turbulence_f32,Entropy_Mean,2,0.7474901972981134,0.00222860585205112,89485.13445698941,3.516557670087369,"(1,2,3)|(4)",fastlz,67112979,0.999938685481388,57143820,1.1743853316071624,57143820,1.1743853316071624
turbulence_f32,Entropy_Mean,3,0.49979694491721127,0.00013570888056626436,180872684609.7536,10.315907264470187,"(1,2)|(3)|(4)",fastlz,67112979,0.999938685481388,57143839,1.174384941130749,57143839,1.174384941130749
turbulence_f32,Entropy_Mean,4,-1.0,-1.0,-1.0,-1.0,(1)|(2)|(3)|(4),fastlz,67112979,0.999938685481388,57143858,1.1743845506545953,57143858,1.1743845506545953
turbulence_f32,Entropy_Std,2,0.7406631315032323,0.00823073207864275,6560.023013848,2.3507601277849286,"(1,2,3)|(4)",fastlz,67112979,0.999938685481388,57143820,1.1743853316071624,57143820,1.1743853316071624
turbulence_f32,Entropy_Std,3,0.4948027922087835,0.00349659653637802,20247666.551351268,5.513047196106016,"(1,2)|(3)|(4)",fastlz,67112979,0.999938685481388,57143839,1.174384941130749,57143839,1.174384941130749
turbulence_f32,Entropy_Std,4,-1.0,-1.0,-1.0,-1.0,(1)|(2)|(3)|(4),fastlz,67112979,0.999938685481388,57143858,1.1743845506545953,57143858,1.1743845506545953
turbulence_f32,Entropy_Max,2,0.7477291018028246,0.002013170211625451,109660.86060206861,4.086725297489901,"(1,2,3)|(4)",fastlz,67112979,0.999938685481388,57143820,1.1743853316071624,57143820,1.1743853316071624
turbulence_f32,Entropy_Max,3,0.49807242984909544,0.0012879489465486063,2459609770.8720603,8.61083065275576,"(1,2)|(3)|(4)",fastlz,67112979,0.999938685481388,57143839,1.174384941130749,57143839,1.174384941130749
turbulence_f32,Entropy_Max,4,-1.0,-1.0,-1.0,-1.0,(1)|(2)|(3)|(4),fastlz,67112979,0.999938685481388,57143858,1.1743845506545953,57143858,1.1743845506545953
turbulence_f32,Entropy_Min,2,0.747107535414883,0.0025685429263171077,67366.47531405569,3.775563833606621,"(1,2,3)|(4)",fastlz,67112979,0.999938685481388,57143820,1.1743853316071624,57143820,1.1743853316071624
turbulence_f32,Entropy_Min,3,0.4999848726427919,1.0213750846349766e-05,24449365018490.43,12.818192807427023,"(1,2)|(3)|(4)",fastlz,67112979,0.999938685481388,57143839,1.174384941130749,57143839,1.174384941130749
turbulence_f32,Entropy_Min,4,-1.0,-1.0,-1.0,-1.0,(1)|(2)|(3)|(4),fastlz,67112979,0.999938685481388,57143858,1.1743845506545953,57143858,1.1743845506545953
turbulence_f32,Frequency,2,0.7374606864621075,0.011094242353199365,3610.9546633330024,2.093362613250944,"(1,2,3)|(4)",fastlz,67112979,0.999938685481388,57143820,1.1743853316071624,57143820,1.1743853316071624
turbulence_f32,Frequency,3,0.4996623333023008,0.00022789753793412987,2640614795.1431775,8.296865921927875,"(1,2)|(3)|(4)",fastlz,67112979,0.999938685481388,57143839,1.174384941130749,57143839,1.174384941130749
turbulence_f32,Frequency,4,-1.0,-1.0,-1.0,-1.0,(1)|(2)|(3)|(4),fastlz,67112979,0.999938685481388,57143858,1.1743845506545953,57143858,1.1743845506545953
turbulence_f32,All_Features,2,0.747415919583569,0.002292779777767678,84545.96231464852,4.454064245874832,"(1,2,3)|(4)",fastlz,67112979,0.999938685481388,57143820,1.1743853316071624,57143820,1.1743853316071624
turbulence_f32,All_Features,3,0.4990364117519068,0.0006440472688136952,7588244440.398374,9.928566325389465,"(1,2)|(3)|(4)",fastlz,67112979,0.999938685481388,57143839,1.174384941130749,57143839,1.174384941130749
turbulence_f32,All_Features,4,-1.0,-1.0,-1.0,-1.0,(1)|(2)|(3)|(4),fastlz,67112979,0.999938685481388,57143858,1.1743845506545953,57143858,1.1743845506545953
tpch_lineitem_f32,Entropy,2,0.23768158690211116,0.31906145717448386,3.656296901086659,-0.5228998560730156,"(1,2,3)|(4)",fastlz,593910656,1.61602895368828,587767015,1.6329205135813891,755101073,1.2710574124690721
tpch_lineitem_f32,Entropy,3,0.17154065011256095,0.24956614135585234,8.200740248997965,-0.9767486117183666,"(1,2)|(3)|(4)",fastlz,593910656,1.61602895368828,646520474,1.4845265611804894,755100985,1.2710575605989973
tpch_lineitem_f32,Entropy,4,-1.0,-1.0,-1.0,-1.0,(1)|(2)|(3)|(4),fastlz,593910656,1.61602895368828,755100828,1.2710578248763356,755100828,1.2710578248763356
tpch_lineitem_f32,Entropy_Mean,2,0.23705170269287065,0.3194547792821023,3.648082629464566,-0.31451570771854054,"(1,2,3)|(4)",fastlz,593910656,1.61602895368828,587767015,1.6329205135813891,755101073,1.2710574124690721
tpch_lineitem_f32,Entropy_Mean,3,0.17149249054382198,0.24953077399398202,8.197734645397277,-1.204513854527314,"(1,2)|(3)|(4)",fastlz,593910656,1.61602895368828,646520474,1.4845265611804894,755100985,1.2710575605989973
tpch_lineitem_f32,Entropy_Mean,4,-1.0,-1.0,-1.0,-1.0,(1)|(2)|(3)|(4),fastlz,593910656,1.61602895368828,755100828,1.2710578248763356,755100828,1.2710578248763356
tpch_lineitem_f32,Entropy_Std,2,0.5773660009802244,0.12047538955248928,26.505510163887173,-0.033029984358991626,"(2,3,4)|(1)",fastlz,593910656,1.61602895368828,628318817,1.5275315493217196,755095445,1.2710668861206016
tpch_lineitem_f32,Entropy_Std,3,0.26007911499939185,0.17052167094869505,52.522161462206164,-0.31764744663113476,"(2,4)|(3)|(1)",fastlz,593910656,1.61602895368828,687594875,1.395846378290705,755089796,1.2710763952635906
tpch_lineitem_f32,Entropy_Std,4,-1.0,-1.0,-1.0,-1.0,(1)|(2)|(3)|(4),fastlz,593910656,1.61602895368828,755100828,1.2710578248763356,755100828,1.2710578248763356
tpch_lineitem_f32,Entropy_Max,2,0.2412847405094088,0.3184403304282418,3.687218733829443,-0.4713726675640644,"(1,2,3)|(4)",fastlz,593910656,1.61602895368828,587767015,1.6329205135813891,755101073,1.2710574124690721
tpch_lineitem_f32,Entropy_Max,3,0.1781363411875111,0.24587410847984326,8.457613435230275,-1.2042714277848399,"(1,2)|(3)|(4)",fastlz,593910656,1.61602895368828,646520474,1.4845265611804894,755100985,1.2710575605989973
tpch_lineitem_f32,Entropy_Max,4,-1.0,-1.0,-1.0,-1.0,(1)|(2)|(3)|(4),fastlz,593910656,1.61602895368828,755100828,1.2710578248763356,755100828,1.2710578248763356
tpch_lineitem_f32,Entropy_Min,2,0.23487623693087387,0.3191007636247395,3.636353962118252,-0.3423197790712401,"(1,2,3)|(4)",fastlz,593910656,1.61602895368828,587767015,1.6329205135813891,755101073,1.2710574124690721
tpch_lineitem_f32,Entropy_Min,3,0.16449272305352106,0.2535680365644663,7.9434119536515615,-1.2748982502256327,"(1,2)|(3)|(4)",fastlz,593910656,1.61602895368828,646520474,1.4845265611804894,755100985,1.2710575605989973
tpch_lineitem_f32,Entropy_Min,4,-1.0,-1.0,-1.0,-1.0,(1)|(2)|(3)|(4),fastlz,593910656,1.61602895368828,755100828,1.2710578248763356,755100828,1.2710578248763356
tpch_lineitem_f32,Frequency,2,0.644440059120736,0.07089449470102957,68.18421443368258,0.5008624164488351,"(1,2,4)|(3)",fastlz,593910656,1.61602895368828,625943276,1.5333287420759834,755104947,1.2710508914199976
tpch_lineitem_f32,Frequency,3,0.15085222323946354,0.22739522824919944,76.14230876498422,-0.1984542821309807,"(1,2)|(4)|(3)",fastlz,593910656,1.61602895368828,646520474,1.4845265611804894,755100985,1.2710575605989973
tpch_lineitem_f32,Frequency,4,-1.0,-1.0,-1.0,-1.0,(1)|(2)|(3)|(4),fastlz,593910656,1.61602895368828,755100828,1.2710578248763356,755100828,1.2710578248763356
tpch_lineitem_f32,All_Features,2,0.23772054992974778,0.31901931966032054,3.6571179500691477,-0.07801394517623392,"(1,2,3)|(4)",fastlz,593910656,1.61602895368828,587767015,1.6329205135813891,755101073,1.2710574124690721
tpch_lineitem_f32,All_Features,3,0.17139657155375557,0.2496654907305098,8.195028028904135,-0.1427009559881416,"(1,2)|(3)|(4)",fastlz,593910656,1.61602895368828,646520474,1.4845265611804894,755100985,1.2710575605989973
tpch_lineitem_f32,All_Features,4,-1.0,-1.0,-1.0,-1.0,(1)|(2)|(3)|(4),fastlz,593910656,1.61602895368828,755100828,1.2710578248763356,755100828,1.2710578248763356
jw_mirimage_f32,Entropy,2,0.7414374185967334,0.007503448683566715,7890.826146846376,2.4271869950709926,"(1,2,3)|(4)",fastlz,169074782,1.00004789596594,131167322,1.2890625303762777,130742744,1.2932486716050566
jw_mirimage_f32,Entropy,3,0.48846841711495326,0.007751223138294808,4949508.219895829,5.239286955464513,"(1,2)|(3)|(4)",fastlz,169074782,1.00004789596594,130740568,1.2932701959807915,130742763,1.293248483665593
jw_mirimage_f32,Entropy,4,-1.0,-1.0,-1.0,-1.0,(1)|(2)|(3)|(4),fastlz,169074782,1.00004789596594,130742782,1.293248295726184,130742782,1.293248295726184
jw_mirimage_f32,Entropy_Mean,2,0.7078039881906175,0.0365680263602097,332.2585861226096,1.0057616204357753,"(1,2,3)|(4)",fastlz,169074782,1.00004789596594,131167322,1.2890625303762777,130742744,1.2932486716050566
jw_mirimage_f32,Entropy_Mean,3,0.48969795185978604,0.007142276115056037,262593.36353159667,3.244791589827034,"(1,2)|(3)|(4)",fastlz,169074782,1.00004789596594,130740568,1.2932701959807915,130742763,1.293248483665593
jw_mirimage_f32,Entropy_Mean,4,-1.0,-1.0,-1.0,-1.0,(1)|(2)|(3)|(4),fastlz,169074782,1.00004789596594,130742782,1.293248295726184,130742782,1.293248295726184
jw_mirimage_f32,Entropy_Std,2,0.9306236296934758,0.06926085409409526,369.1898450286171,0.5860891501158156,"(1,2)|(3,4)",fastlz,169074782,1.00004789596594,151492654,1.116112732436518,130742744,1.2932486716050566
jw_mirimage_f32,Entropy_Std,3,0.4767130685055563,0.022576626382655497,510.5009511585724,0.1555457907431581,"(1,2)|(3)|(4)",fastlz,169074782,1.00004789596594,130740568,1.2932701959807915,130742763,1.293248483665593
jw_mirimage_f32,Entropy_Std,4,-1.0,-1.0,-1.0,-1.0,(1)|(2)|(3)|(4),fastlz,169074782,1.00004789596594,130742782,1.293248295726184,130742782,1.293248295726184
jw_mirimage_f32,Entropy_Max,2,0.747411267474085,0.0022958042854438576,84322.80791926492,3.8344548966451946,"(1,2,3)|(4)",fastlz,169074782,1.00004789596594,131167322,1.2890625303762777,130742744,1.2932486716050566
jw_mirimage_f32,Entropy_Max,3,0.4985611082725525,0.0009617324621394877,3394082901.2480288,8.369269480367112,"(1,2)|(3)|(4)",fastlz,169074782,1.00004789596594,130740568,1.2932701959807915,130742763,1.293248483665593
jw_mirimage_f32,Entropy_Max,4,-1.0,-1.0,-1.0,-1.0,(1)|(2)|(3)|(4),fastlz,169074782,1.00004789596594,130742782,1.293248295726184,130742782,1.293248295726184
jw_mirimage_f32,Entropy_Min,2,0.6499880176171329,0.08396396199180425,62.98497773428488,0.010527061593127718,"(1,2,3)|(4)",fastlz,169074782,1.00004789596594,131167322,1.2890625303762777,130742744,1.2932486716050566
jw_mirimage_f32,Entropy_Min,3,0.4825864900648191,0.012636792433765552,17885.655829741805,2.1937279895286474,"(1,2)|(3)|(4)",fastlz,169074782,1.00004789596594,130740568,1.2932701959807915,130742763,1.293248483665593
jw_mirimage_f32,Entropy_Min,4,-1.0,-1.0,-1.0,-1.0,(1)|(2)|(3)|(4),fastlz,169074782,1.00004789596594,130742782,1.293248295726184,130742782,1.293248295726184
jw_mirimage_f32,Frequency,2,0.7246819022765741,0.021161863267835895,983.2583076698896,1.7462358560015456,"(1,2,3)|(4)",fastlz,169074782,1.00004789596594,131167322,1.2890625303762777,130742744,1.2932486716050566
jw_mirimage_f32,Frequency,3,0.44399651195724793,0.03809152782824974,26587.903551512845,2.4716017738722424,"(1,2)|(3)|(4)",fastlz,169074782,1.00004789596594,130740568,1.2932701959807915,130742763,1.293248483665593
jw_mirimage_f32,Frequency,4,-1.0,-1.0,-1.0,-1.0,(1)|(2)|(3)|(4),fastlz,169074782,1.00004789596594,130742782,1.293248295726184,130742782,1.293248295726184
jw_mirimage_f32,All_Features,2,0.6809902308644162,0.05921328109881311,126.65375362605697,1.1710194378332308,"(1,2,3)|(4)",fastlz,169074782,1.00004789596594,131167322,1.2890625303762777,130742744,1.2932486716050566
jw_mirimage_f32,All_Features,3,0.4830149889195169,0.01204857708871728,37215.182066883506,3.7695002289168684,"(1,2)|(3)|(4)",fastlz,169074782,1.00004789596594,130740568,1.2932701959807915,130742763,1.293248483665593
jw_mirimage_f32,All_Features,4,-1.0,-1.0,-1.0,-1.0,(1)|(2)|(3)|(4),fastlz,169074782,1.00004789596594,130742782,1.293248295726184,130742782,1.293248295726184
hdr_palermo_f32,Entropy,2,0.5995991772990421,0.12467973283102107,28.590763686124514,0.13063373554471241,"(1,2,4)|(3)",fastlz,379576847,2.2220917810616623,246366145,3.4235815639360676,230784561,3.6547271114899234
hdr_palermo_f32,Entropy,3,0.5,0.0,1.0,inf,"(1,2)|(4)|(3)",fastlz,379576847,2.2220917810616623,230784473,3.65472850506715,230784473,3.65472850506715
hdr_palermo_f32,Entropy,4,-1.0,-1.0,-1.0,-1.0,(1)|(2)|(3)|(4),fastlz,379576847,2.2220917810616623,230784493,3.6547281883449596,230784493,3.6547281883449596
hdr_palermo_f32,Entropy_Mean,2,0.6109252379248161,0.11603998738352422,33.00670229496795,0.010537613483844743,"(1,2,4)|(3)",fastlz,379576847,2.2220917810616623,246366145,3.4235815639360676,230784561,3.6547271114899234
hdr_palermo_f32,Entropy_Mean,3,0.5,0.0,1.0,inf,"(1,2)|(4)|(3)",fastlz,379576847,2.2220917810616623,230784473,3.65472850506715,230784473,3.65472850506715
hdr_palermo_f32,Entropy_Mean,4,-1.0,-1.0,-1.0,-1.0,(1)|(2)|(3)|(4),fastlz,379576847,2.2220917810616623,230784493,3.6547281883449596,230784493,3.6547281883449596
hdr_palermo_f32,Entropy_Std,2,0.9843804514284253,0.015615739723922911,4100.859371110575,1.981077734754682,"(1,2)|(3,4)",fastlz,379576847,2.2220917810616623,346867595,2.4316327156475945,230783864,3.6547381492841287
hdr_palermo_f32,Entropy_Std,3,0.5,0.0,1.0,inf,"(1,2)|(3)|(4)",fastlz,379576847,2.2220917810616623,230784473,3.65472850506715,230784473,3.65472850506715
hdr_palermo_f32,Entropy_Std,4,-1.0,-1.0,-1.0,-1.0,(1)|(2)|(3)|(4),fastlz,379576847,2.2220917810616623,230784493,3.6547281883449596,230784493,3.6547281883449596
hdr_palermo_f32,Entropy_Max,2,0.5772637963840208,0.14130933650114405,22.257468501210422,-0.18530700875039327,"(1,2,4)|(3)",fastlz,379576847,2.2220917810616623,246366145,3.4235815639360676,230784561,3.6547271114899234
hdr_palermo_f32,Entropy_Max,3,0.5,0.0,1.0,inf,"(1,2)|(4)|(3)",fastlz,379576847,2.2220917810616623,230784473,3.65472850506715,230784473,3.65472850506715
hdr_palermo_f32,Entropy_Max,4,-1.0,-1.0,-1.0,-1.0,(1)|(2)|(3)|(4),fastlz,379576847,2.2220917810616623,230784493,3.6547281883449596,230784493,3.6547281883449596
hdr_palermo_f32,Entropy_Min,2,0.6474759603584073,0.08724337612407917,58.391893019808464,0.2363626361419302,"(1,2,4)|(3)",fastlz,379576847,2.2220917810616623,246366145,3.4235815639360676,230784561,3.6547271114899234
hdr_palermo_f32,Entropy_Min,3,0.5,0.0,1.0,inf,"(1,2)|(4)|(3)",fastlz,379576847,2.2220917810616623,230784473,3.65472850506715,230784473,3.65472850506715
hdr_palermo_f32,Entropy_Min,4,-1.0,-1.0,-1.0,-1.0,(1)|(2)|(3)|(4),fastlz,379576847,2.2220917810616623,230784493,3.6547281883449596,230784493,3.6547281883449596
hdr_palermo_f32,Frequency,2,0.39343769989039334,0.25705784826650263,6.725982702332835,-0.6317688622499888,"(1,2,4)|(3)",fastlz,379576847,2.2220917810616623,246366145,3.4235815639360676,230784561,3.6547271114899234
hdr_palermo_f32,Frequency,3,0.5,0.0,1.0,inf,"(1,2)|(4)|(3)",fastlz,379576847,2.2220917810616623,230784473,3.65472850506715,230784473,3.65472850506715
hdr_palermo_f32,Frequency,4,-1.0,-1.0,-1.0,-1.0,(1)|(2)|(3)|(4),fastlz,379576847,2.2220917810616623,230784493,3.6547281883449596,230784493,3.6547281883449596
hdr_palermo_f32,All_Features,2,0.6075893269414269,0.11883765973945612,31.47090996616987,0.5226197455168218,"(1,2,4)|(3)",fastlz,379576847,2.2220917810616623,246366145,3.4235815639360676,230784561,3.6547271114899234
hdr_palermo_f32,All_Features,3,0.5,1.4571707693494694e-08,1.0,inf,"(1,2)|(4)|(3)",fastlz,379576847,2.2220917810616623,230784473,3.65472850506715,230784473,3.65472850506715
hdr_palermo_f32,All_Features,4,-1.0,-1.0,-1.0,-1.0,(1)|(2)|(3)|(4),fastlz,379576847,2.2220917810616623,230784493,3.6547281883449596,230784493,3.6547281883449596
citytemp_f32,Entropy,2,0.6079481102063932,0.12984738501874252,26.36034355886651,-0.18831188656824788,"(1,2,4)|(3)",fastlz,6975458,1.6666008167492372,6671972,1.7424089909250218,6486884,1.7921245393011498
citytemp_f32,Entropy,3,0.5,0.0,1.0,inf,"(1,2)|(4)|(3)",fastlz,6975458,1.6666008167492372,5777935,2.0120170960732513,6487121,1.7920590659554523
citytemp_f32,Entropy,4,-1.0,-1.0,-1.0,-1.0,(1)|(2)|(3)|(4),fastlz,6975458,1.6666008167492372,6487199,1.792037518812048,6487199,1.792037518812048
citytemp_f32,Entropy_Mean,2,0.5951897477344359,0.14160019935046378,22.166123690896708,-0.07662814729226392,"(1,2,4)|(3)",fastlz,6975458,1.6666008167492372,6671972,1.7424089909250218,6486884,1.7921245393011498
citytemp_f32,Entropy_Mean,3,0.5,0.0,1.0,inf,"(1,2)|(4)|(3)",fastlz,6975458,1.6666008167492372,5777935,2.0120170960732513,6487121,1.7920590659554523
citytemp_f32,Entropy_Mean,4,-1.0,-1.0,-1.0,-1.0,(1)|(2)|(3)|(4),fastlz,6975458,1.6666008167492372,6487199,1.792037518812048,6487199,1.792037518812048
citytemp_f32,Entropy_Std,2,0.48037063689045084,0.20697950879789256,10.37439496351041,-0.3897467927383227,"(1,2,4)|(3)",fastlz,6975458,1.6666008167492372,6671972,1.7424089909250218,6486884,1.7921245393011498
citytemp_f32,Entropy_Std,3,0.5,0.0,1.0,inf,"(1,2)|(4)|(3)",fastlz,6975458,1.6666008167492372,5777935,2.0120170960732513,6487121,1.7920590659554523
citytemp_f32,Entropy_Std,4,-1.0,-1.0,-1.0,-1.0,(1)|(2)|(3)|(4),fastlz,6975458,1.6666008167492372,6487199,1.792037518812048,6487199,1.792037518812048
citytemp_f32,Entropy_Max,2,0.651001663416192,0.0900971535179354,54.75141419830001,0.4277676270365435,"(1,2,4)|(3)",fastlz,6975458,1.6666008167492372,6671972,1.7424089909250218,6486884,1.7921245393011498
citytemp_f32,Entropy_Max,3,0.5,0.0,1.0,inf,"(1,2)|(4)|(3)",fastlz,6975458,1.6666008167492372,5777935,2.0120170960732513,6487121,1.7920590659554523
citytemp_f32,Entropy_Max,4,-1.0,-1.0,-1.0,-1.0,(1)|(2)|(3)|(4),fastlz,6975458,1.6666008167492372,6487199,1.792037518812048,6487199,1.792037518812048
citytemp_f32,Entropy_Min,2,0.49768537384230443,0.22980626060388878,8.415768295992661,-0.3381831589600599,"(1,2,4)|(3)",fastlz,6975458,1.6666008167492372,6671972,1.7424089909250218,6486884,1.7921245393011498
citytemp_f32,Entropy_Min,3,0.5,0.0,1.0,inf,"(1,2)|(4)|(3)",fastlz,6975458,1.6666008167492372,5777935,2.0120170960732513,6487121,1.7920590659554523
citytemp_f32,Entropy_Min,4,-1.0,-1.0,-1.0,-1.0,(1)|(2)|(3)|(4),fastlz,6975458,1.6666008167492372,6487199,1.792037518812048,6487199,1.792037518812048
citytemp_f32,Frequency,2,0.4188709260668354,0.2975117152131145,5.021221021951019,-0.5914161754022906,"(1,2,3)|(4)",fastlz,6975458,1.6666008167492372,6580896,1.7665229780260925,6486045,1.7923563589213458
citytemp_f32,Frequency,3,0.5,0.0,1.0,inf,"(1,2)|(3)|(4)",fastlz,6975458,1.6666008167492372,5777935,2.0120170960732513,6487121,1.7920590659554523
citytemp_f32,Frequency,4,-1.0,-1.0,-1.0,-1.0,(1)|(2)|(3)|(4),fastlz,6975458,1.6666008167492372,6487199,1.792037518812048,6487199,1.792037518812048
citytemp_f32,All_Features,2,0.5866650373030267,0.1496269892694206,19.851695599225927,0.42857738361461295,"(1,2,4)|(3)",fastlz,6975458,1.6666008167492372,6671972,1.7424089909250218,6486884,1.7921245393011498
citytemp_f32,All_Features,3,0.5,5.215128814940711e-09,1.0,inf,"(1,2)|(4)|(3)",fastlz,6975458,1.6666008167492372,5777935,2.0120170960732513,6487121,1.7920590659554523
citytemp_f32,All_Features,4,-1.0,-1.0,-1.0,-1.0,(1)|(2)|(3)|(4),fastlz,6975458,1.6666008167492372,6487199,1.792037518812048,6487199,1.792037518812048
rsim_f32,Entropy,2,0.7451494285977652,0.004294793953744233,24094.94800487697,3.086875715828774,"(1,2,3)|(4)",fastlz,70345092,1.3402744288116077,55652660,1.6941100030079426,55178433,1.7086699073168679
rsim_f32,Entropy,3,0.4977116700609247,0.0015328918958251196,383490744.46366996,7.154685225864927,"(1,2)|(3)|(4)",fastlz,70345092,1.3402744288116077,54995179,1.7143635081176842,55179738,1.7086294972984468
rsim_f32,Entropy,4,-1.0,-1.0,-1.0,-1.0,(1)|(2)|(3)|(4),fastlz,70345092,1.3402744288116077,55179656,1.70863203641574,55179656,1.70863203641574
rsim_f32,Entropy_Mean,2,0.7420426095059932,0.0070439040363121826,8957.521165050806,2.3888747778739217,"(1,2,3)|(4)",fastlz,70345092,1.3402744288116077,55652660,1.6941100030079426,55178433,1.7086699073168679
rsim_f32,Entropy_Mean,3,0.4985399053676023,0.0009810672703013251,350224189.67839384,7.239780055823455,"(1,2)|(3)|(4)",fastlz,70345092,1.3402744288116077,54995179,1.7143635081176842,55179738,1.7086294972984468
rsim_f32,Entropy_Mean,4,-1.0,-1.0,-1.0,-1.0,(1)|(2)|(3)|(4),fastlz,70345092,1.3402744288116077,55179656,1.70863203641574,55179656,1.70863203641574
rsim_f32,Entropy_Std,2,0.7418147227549502,0.007225953304386423,8511.476011133527,2.7157183629674018,"(1,2,3)|(4)",fastlz,70345092,1.3402744288116077,55652660,1.6941100030079426,55178433,1.7086699073168679
rsim_f32,Entropy_Std,3,0.4958626537147862,0.0027804846532776743,41449480.02049401,5.723550983645541,"(1,2)|(3)|(4)",fastlz,70345092,1.3402744288116077,54995179,1.7143635081176842,55179738,1.7086294972984468
rsim_f32,Entropy_Std,4,-1.0,-1.0,-1.0,-1.0,(1)|(2)|(3)|(4),fastlz,70345092,1.3402744288116077,55179656,1.70863203641574,55179656,1.70863203641574
rsim_f32,Entropy_Max,2,0.7461712013253794,0.003381859482672419,38857.29778366732,3.056071147924521,"(1,2,3)|(4)",fastlz,70345092,1.3402744288116077,55652660,1.6941100030079426,55178433,1.7086699073168679
rsim_f32,Entropy_Max,3,0.4949087175319433,0.0034069808319975446,124944060.71038282,6.9691218584465595,"(1,2)|(3)|(4)",fastlz,70345092,1.3402744288116077,54995179,1.7143635081176842,55179738,1.7086294972984468
rsim_f32,Entropy_Max,4,-1.0,-1.0,-1.0,-1.0,(1)|(2)|(3)|(4),fastlz,70345092,1.3402744288116077,55179656,1.70863203641574,55179656,1.70863203641574
rsim_f32,Entropy_Min,2,0.75,0.0,1.0,inf,"(1,2,3)|(4)",fastlz,70345092,1.3402744288116077,55652660,1.6941100030079426,55178433,1.7086699073168679
rsim_f32,Entropy_Min,3,0.75,0.0,1.0,inf,"(1,2,3)|(4)",fastlz,70345092,1.3402744288116077,55652660,1.6941100030079426,55178433,1.7086699073168679
rsim_f32,Entropy_Min,4,-1.0,-1.0,-1.0,-1.0,(1)|(2)|(3)|(4),fastlz,70345092,1.3402744288116077,55179656,1.70863203641574,55179656,1.70863203641574
rsim_f32,Frequency,2,0.7444396969517721,0.004896566407164158,18533.616901179696,2.9675087772744417,"(1,2,3)|(4)",fastlz,70345092,1.3402744288116077,55652660,1.6941100030079426,55178433,1.7086699073168679
rsim_f32,Frequency,3,0.492462731312446,0.005052137452105585,27197009.27356309,5.700729590861878,"(1,2)|(3)|(4)",fastlz,70345092,1.3402744288116077,54995179,1.7143635081176842,55179738,1.7086294972984468
rsim_f32,Frequency,4,-1.0,-1.0,-1.0,-1.0,(1)|(2)|(3)|(4),fastlz,70345092,1.3402744288116077,55179656,1.70863203641574,55179656,1.70863203641574
rsim_f32,All_Features,2,0.7436288465961574,0.00563590731763546,13992.371600776927,3.508765777419441,"(1,2,3)|(4)",fastlz,70345092,1.3402744288116077,55652660,1.6941100030079426,55178433,1.7086699073168679
rsim_f32,All_Features,3,0.4971618554390258,0.001904047131316201,144781326.6811709,7.8983445775028684,"(1,2)|(3)|(4)",fastlz,70345092,1.3402744288116077,54995179,1.7143635081176842,55179738,1.7086294972984468
rsim_f32,All_Features,4,-1.0,-1.0,-1.0,-1.0,(1)|(2)|(3)|(4),fastlz,70345092,1.3402744288116077,55179656,1.70863203641574,55179656,1.70863203641574
